Released_Year,Certificate,Runtime,Genre,Meta_score,Director,Star1,Star2,Star3,Star4,No_of_Votes,Gross,writer,country_origin,filming_location,production_company,language,oscar
2009.0,1,95,105,76.0,305,655,409,261,151,472242.0,32391374.0,700,172,646,690,232,
1957.0,0,96,122,96.0,456,252,464,534,421,689845.0,4360000.0,700,172,646,690,232,
2013.0,4,134,87,96.0,468,118,543,565,101,640533.0,56671993.0,341,106,376,368,6,0.0
2019.0,3,119,180,78.0,438,162,259,166,165,425844.0,159227644.0,560,109,511,175,34,0.0
1968.0,0,149,60,84.0,463,349,244,875,178,603517.0,56954992.0,596,106,315,330,135,0.0
2003.0,1,124,132,70.0,14,553,73,594,180,224545.0,16290476.0,218,112,398,505,6,2.0
2002.0,3,135,137,68.0,459,181,68,655,757,169708.0,13060843.0,128,112,77,510,6,0.0
2002.0,4,113,160,73.0,95,131,572,139,20,376853.0,45064915.0,700,172,646,690,232,
2009.0,1,170,100,67.0,394,0,490,587,805,344445.0,6532908.0,44,66,401,238,223,0.0
2009.0,1,170,100,67.0,394,0,490,587,805,344445.0,6532908.0,7,45,307,595,199,0.0
2006.0,4,117,25,52.0,543,232,472,180,206,732876.0,210614939.0,698,118,308,645,6,0.0
2007.0,4,122,22,76.0,208,531,124,71,549,288797.0,53606916.0,224,112,197,296,21,2.0
2007.0,4,113,137,97.0,86,25,457,862,25,56625.0,1185783.0,700,172,646,690,232,
2011.0,3,100,105,72.0,254,331,710,40,113,315426.0,35014192.0,672,112,621,479,6,0.0
1963.0,4,138,137,91.0,133,404,48,149,786,108844.0,50690.0,180,59,601,106,207,0.0
2001.0,1,135,85,72.0,433,531,183,363,157,848920.0,170742341.0,15,112,384,572,6,0.0
1993.0,3,121,130,80.0,418,514,114,495,266,128171.0,17266971.0,91,112,276,425,79,0.0
1983.0,0,93,108,77.0,52,476,531,172,798,132947.0,20605209.0,288,116,20,324,6,0.0
1971.0,4,136,131,77.0,463,401,610,561,899,757904.0,6207725.0,595,106,102,654,6,4.0
1992.0,0,138,179,62.0,413,602,318,187,499,235388.0,141340178.0,4,112,429,119,28,4.0
1964.0,0,87,114,96.0,407,322,616,262,746,40351.0,13780024.0,30,106,442,620,55,2.0
1995.0,0,97,139,83.0,20,387,193,491,771,32236.0,10019307.0,185,112,291,648,28,2.0
1966.0,0,120,87,72.0,145,474,809,708,532,31222.0,28350000.0,532,87,569,249,111,0.0
1935.0,4,96,114,,441,176,272,125,313,30580.0,2537520.0,700,172,646,690,232,
2018.0,1,136,165,88.0,59,370,82,742,300,334312.0,215288866.0,170,112,262,646,28,0.0
2018.0,1,136,165,88.0,59,370,82,742,300,334312.0,215288866.0,329,112,227,58,6,0.0
1951.0,4,122,137,97.0,122,627,510,460,478,99182.0,8000000.0,700,172,646,690,232,
2008.0,1,104,22,,349,41,574,373,0,73891.0,,449,45,310,39,200,0.0
2013.0,3,123,102,55.0,404,168,635,82,561,303032.0,15322921.0,700,172,646,690,232,0.0
1997.0,0,119,169,,13,179,621,124,257,64082.0,368234.0,700,172,646,690,232,
1951.0,4,111,149,72.0,49,362,334,699,708,31568.0,3969893.0,700,172,646,690,232,
2005.0,3,94,95,51.0,24,616,491,607,684,45717.0,1305.0,700,172,646,690,232,
2002.0,3,115,100,83.0,458,461,535,132,859,178565.0,22245861.0,620,112,519,124,106,0.0
1985.0,1,97,95,90.0,313,241,676,849,869,59635.0,10600000.0,354,112,17,488,6,1.0
1972.0,4,95,1,,523,365,682,296,189,52397.0,,700,172,646,690,232,
2016.0,4,145,174,84.0,73,360,421,130,647,113649.0,2006788.0,700,172,646,690,232,
2016.0,1,130,152,,393,8,586,471,709,52897.0,,700,172,646,690,232,
1980.0,0,88,93,78.0,226,160,367,704,464,214882.0,83400000.0,303,112,370,384,6,1.0
2010.0,3,119,22,,224,642,687,799,323,62848.0,6460.0,700,172,646,690,232,
1988.0,1,124,66,,271,449,594,517,852,164918.0,553171.0,366,62,603,19,210,0.0
1988.0,1,124,66,,271,449,594,517,852,164918.0,553171.0,565,45,419,6,198,0.0
1992.0,0,90,67,86.0,432,324,704,713,541,373845.0,217350219.0,318,164,627,607,11,0.0
1992.0,0,90,67,86.0,432,324,704,713,541,373845.0,217350219.0,550,112,630,617,6,0.0
1992.0,0,90,67,86.0,432,324,704,713,541,373845.0,217350219.0,125,68,402,86,6,0.0
1979.0,3,117,195,89.0,411,564,777,398,884,787806.0,78900000.0,119,106,534,530,6,0.0
1986.0,0,137,11,84.0,202,564,538,111,693,652719.0,85160248.0,264,106,48,529,149,0.0
1950.0,4,138,137,98.0,258,64,45,264,138,120539.0,10177.0,700,172,646,690,232,
1930.0,0,152,182,91.0,292,385,481,405,59,57318.0,3270000.0,163,40,93,34,195,0.0
1979.0,4,123,163,72.0,53,529,371,39,529,28223.0,37823676.0,530,112,335,140,149,0.0
1976.0,0,138,87,84.0,11,174,660,332,592,103031.0,70600000.0,79,112,459,675,149,0.0
2000.0,4,122,40,90.0,67,70,609,445,264,252586.0,32534850.0,78,112,616,169,28,0.0
1984.0,3,160,87,88.0,342,203,776,213,763,369007.0,51973029.0,492,127,84,497,88,0.0
1973.0,3,123,101,,133,400,90,663,58,39897.0,,181,59,494,192,209,0.0
1999.0,1,122,137,84.0,438,358,47,820,902,1069738.0,130096601.0,17,112,508,172,6,0.0
2007.0,4,157,84,76.0,411,165,680,128,447,392449.0,130164645.0,616,152,157,577,170,2.0
1998.0,3,119,137,62.0,507,181,187,78,394,1034705.0,6719864.0,137,112,625,362,6,1.0
2000.0,4,101,95,64.0,315,128,422,415,90,490062.0,15070285.0,70,112,468,28,150,0.0
2000.0,4,154,179,83.0,14,191,242,277,936,223741.0,5383834.0,700,172,646,690,232,
2012.0,1,127,172,94.0,330,300,208,321,24,93090.0,6739492.0,437,23,568,289,185,0.0
2001.0,0,122,119,69.0,219,51,520,723,550,703810.0,33225499.0,217,22,504,109,190,5.0
1971.0,0,122,166,,188,494,30,791,724,30273.0,,241,45,420,443,198,0.0
1959.0,4,161,129,95.0,369,282,465,72,61,59847.0,11900000.0,700,172,646,690,232,
1994.0,0,160,20,,395,0,691,677,477,49300.0,,505,45,237,594,198,0.0
2018.0,1,139,127,,460,52,745,666,44,71875.0,1373943.0,46,45,348,315,199,0.0
1966.0,3,205,87,,25,27,311,608,668,46947.0,102021.0,31,77,68,350,220,0.0
2010.0,4,144,22,67.0,221,375,117,366,332,111252.0,128392.0,700,172,646,690,232,
1977.0,4,93,119,92.0,532,643,164,836,131,251823.0,39200000.0,692,112,91,268,52,0.0
1979.0,3,147,171,94.0,137,420,510,703,271,606398.0,83471511.0,338,112,80,33,51,0.0
2006.0,4,139,4,68.0,325,233,642,160,766,291018.0,50866635.0,429,144,358,257,214,3.0
,0,140,48,77.0,433,604,77,457,275,269197.0,173837933.0,306,112,336,260,6,0.0
2012.0,4,120,91,86.0,45,57,91,395,12,572581.0,136025503.0,700,172,646,690,232,0.0
2016.0,1,116,176,81.0,110,23,365,237,629,594181.0,100546139.0,168,116,615,283,114,0.0
1942.0,4,118,99,,140,104,629,679,351,65101.0,,700,172,646,690,232,
1997.0,4,139,105,67.0,207,273,285,281,170,275755.0,148478011.0,414,112,338,523,6,0.0
2007.0,3,123,168,85.0,230,350,327,97,789,251370.0,50927067.0,244,128,565,585,28,0.0
1987.0,0,104,182,88.0,293,221,643,240,825,31163.0,4542825.0,700,172,646,690,232,
2007.0,4,122,137,85.0,132,54,595,840,672,30827.0,741283.0,700,172,646,690,232,
2009.0,1,162,6,83.0,202,543,837,777,632,1118998.0,760507625.0,263,152,334,534,149,0.0
2019.0,1,181,4,78.0,36,314,657,134,585,809955.0,858373000.0,99,112,209,310,101,1.0
2018.0,1,149,11,68.0,36,314,657,135,585,834477.0,678815482.0,99,149,169,311,6,1.0
1990.0,0,121,85,74.0,379,514,665,427,773,125276.0,52096475.0,463,112,228,132,6,3.0
2017.0,4,125,87,,68,198,838,322,516,34112.0,,700,172,646,690,232,
1993.0,3,171,165,,268,383,226,276,920,25088.0,5216888.0,700,172,646,690,232,
2017.0,1,167,25,,437,487,640,54,845,75348.0,20186659.0,661,45,64,44,228,0.0
2005.0,4,112,138,,546,656,227,311,227,78925.0,,700,172,646,690,232,
2015.0,1,159,24,,349,8,148,674,839,52848.0,,700,172,646,690,232,
2017.0,1,113,22,86.0,119,36,403,407,228,439406.0,107825862.0,161,106,73,525,9,3.0
1997.0,1,89,141,77.0,299,451,29,64,652,65341.0,933933.0,700,172,646,690,232,
1985.0,0,116,44,87.0,426,438,131,482,169,1058081.0,210609762.0,541,112,640,565,6,0.0
1989.0,0,108,44,57.0,426,438,131,482,856,481918.0,118500000.0,541,112,279,565,6,1.0
2018.0,1,124,100,,23,52,578,254,788,27978.0,,700,172,646,690,232,
1973.0,1,94,22,93.0,485,420,724,867,725,66009.0,,631,112,496,655,149,1.0
2015.0,1,163,2,,267,537,282,599,474,72245.0,8178001.0,660,45,646,185,201,0.0
2012.0,0,151,105,,39,497,631,315,795,75721.0,2804874.0,45,45,188,553,198,0.0
1975.0,1,185,48,89.0,463,534,504,634,311,149843.0,,599,106,146,417,55,0.0
1991.0,0,116,106,69.0,231,200,400,395,455,113240.0,6153939.0,311,106,417,108,6,3.0
2005.0,1,140,0,70.0,83,128,539,454,537,1308302.0,206852432.0,66,152,541,657,112,1.0
1993.0,1,76,63,,276,78,232,162,249,43690.0,5617391.0,18,112,633,622,156,0.0
2000.0,4,114,4,81.0,282,590,5,807,843,169091.0,,700,172,646,690,232,
2015.0,4,137,182,79.0,71,3,207,693,37,73964.0,83861.0,83,112,261,433,7,1.0
1991.0,0,84,81,95.0,151,363,603,697,402,417178.0,218967620.0,400,142,630,613,28,0.0
1991.0,0,84,81,95.0,151,363,603,697,402,417178.0,218967620.0,458,15,195,416,5,0.0
1991.0,0,84,81,95.0,151,363,603,697,402,417178.0,218967620.0,82,57,316,232,6,0.0
1991.0,0,84,81,95.0,151,363,603,697,402,417178.0,218967620.0,603,112,534,609,6,2.0
1991.0,0,84,81,95.0,151,363,603,697,402,417178.0,218967620.0,406,58,646,155,205,0.0
1991.0,0,84,81,95.0,151,363,603,697,402,417178.0,218967620.0,201,112,646,243,6,0.0
1991.0,0,84,81,95.0,151,363,603,697,402,417178.0,218967620.0,362,14,646,200,4,0.0
2013.0,3,109,172,94.0,408,201,418,759,57,141457.0,8114627.0,700,172,646,690,232,0.0
1995.0,3,101,172,77.0,408,201,418,29,310,272291.0,5535405.0,522,114,132,91,55,0.0
2004.0,3,80,172,90.0,408,201,418,850,556,236311.0,5820649.0,521,34,530,670,28,1.0
1999.0,3,113,102,90.0,458,320,98,117,429,312542.0,22858926.0,89,112,487,50,6,3.0
1979.0,1,130,100,83.0,176,481,717,558,355,65625.0,30177511.0,300,112,100,56,138,0.0
1967.0,4,100,172,,296,107,350,572,282,40274.0,26331.0,700,172,646,690,232,
1959.0,0,212,48,90.0,526,115,315,785,321,219466.0,74700000.0,369,112,390,390,124,0.0
2013.0,0,186,90,,396,204,728,646,60,61137.0,1626289.0,500,45,396,432,198,0.0
2003.0,0,125,47,58.0,495,202,14,85,403,415218.0,66257002.0,121,112,638,126,16,1.0
2014.0,0,102,62,74.0,114,127,684,756,371,410983.0,222527828.0,351,112,629,616,6,0.0
2000.0,3,110,162,74.0,466,283,419,355,372,126770.0,21995263.0,390,90,212,476,6,3.0
2004.0,0,88,130,72.0,281,555,284,310,409,50610.0,238507.0,700,172,646,690,232,
2011.0,4,157,122,82.0,362,455,826,804,6,41995.0,138730.0,700,172,646,690,232,
2014.0,4,119,100,87.0,14,439,833,209,35,580291.0,42340598.0,21,112,505,366,6,0.0
2005.0,0,122,137,,442,21,641,770,69,33354.0,733094.0,564,45,49,43,199,0.0
2005.0,0,122,137,,442,21,641,770,69,33354.0,733094.0,442,20,610,307,183,0.0
2001.0,4,144,157,74.0,411,333,219,831,247,364254.0,108638745.0,416,152,537,437,148,0.0
2001.0,4,144,157,74.0,411,333,219,831,247,364254.0,108638745.0,700,172,646,274,232,0.0
2010.0,4,108,179,79.0,97,458,555,857,912,699673.0,106954678.0,418,112,582,453,41,0.0
1982.0,1,117,35,84.0,411,249,681,762,225,693827.0,32868943.0,225,152,113,490,53,2.0
2017.0,1,164,27,81.0,110,249,683,27,184,461823.0,92054159.0,226,154,563,22,6,0.0
1974.0,4,93,121,73.0,324,134,254,780,320,125993.0,119500000.0,428,112,623,151,180,3.0
2006.0,4,143,52,64.0,120,382,171,363,469,499439.0,57366262.0,86,135,141,666,116,5.0
1984.0,4,99,132,82.0,231,200,390,239,176,87745.0,2150000.0,311,112,306,438,149,0.0
2001.0,3,124,84,52.0,482,327,621,246,713,240714.0,52990775.0,74,112,449,42,6,0.0
1966.0,4,111,170,82.0,336,155,792,751,420,56513.0,,700,172,646,690,232,
1986.0,4,120,170,76.0,103,269,453,189,523,181285.0,8551228.0,132,112,144,157,6,1.0
2018.0,1,134,88,49.0,64,496,483,289,77,450349.0,216428042.0,40,106,110,549,15,0.0
2002.0,3,129,132,56.0,73,343,716,63,405,62659.0,45289.0,700,172,646,690,232,
2003.0,3,103,172,85.0,281,359,825,409,506,77520.0,2380788.0,700,172,646,690,232,
1967.0,4,111,15,86.0,41,632,224,566,280,102415.0,,140,112,491,669,6,0.0
1997.0,3,155,137,85.0,376,416,415,104,560,239473.0,26400640.0,480,112,13,361,6,3.0
1993.0,3,180,122,47.0,480,143,368,76,245,28825.0,4496583.0,700,172,646,690,232,
2014.0,4,165,137,100.0,408,186,606,223,232,335533.0,25379975.0,520,112,77,254,163,0.0
1991.0,4,112,122,76.0,247,140,459,305,547,126082.0,57504069.0,343,112,33,112,6,2.0
1995.0,4,178,87,68.0,325,432,730,635,43,959181.0,75600000.0,506,112,245,255,45,0.0
1985.0,0,132,176,84.0,487,329,447,701,484,187567.0,9929135.0,632,106,399,182,6,2.0
1961.0,4,115,105,76.0,50,50,260,632,114,166544.0,,654,112,10,276,129,0.0
1996.0,3,159,137,76.0,285,194,735,449,386,62428.0,4040691.0,384,18,174,12,6,1.0
1935.0,4,75,160,95.0,213,77,200,151,882,43542.0,4360000.0,700,172,646,690,232,
2015.0,1,142,156,81.0,470,604,507,11,33,287659.0,72313754.0,424,140,642,171,65,0.0
1945.0,0,86,172,92.0,101,109,783,783,451,35601.0,,700,172,646,690,232,
1938.0,4,102,110,91.0,187,346,104,122,894,55163.0,,700,172,646,690,232,
2005.0,4,134,172,87.0,33,276,283,575,726,323103.0,83043761.0,38,10,275,209,149,0.0
1925.0,4,75,156,97.0,448,14,803,282,347,53054.0,50970.0,700,172,646,690,232,
1969.0,1,110,84,66.0,161,473,660,447,832,201888.0,102308889.0,677,144,644,85,149,0.0
2015.0,1,159,25,,437,487,640,673,794,102972.0,6738000.0,700,172,646,690,232,
2005.0,4,129,100,81.0,218,443,500,168,937,31476.0,,700,172,646,690,232,
1972.0,4,124,163,80.0,53,391,548,297,414,48334.0,42765000.0,310,112,97,27,61,0.0
2017.0,1,132,172,93.0,295,44,768,570,30,212651.0,18095701.0,273,6,181,228,81,0.0
1962.0,4,106,179,76.0,194,240,659,662,551,26457.0,,327,112,525,32,6,2.0
1962.0,4,106,179,76.0,194,240,659,662,551,26457.0,,326,112,525,319,6,0.0
2018.0,4,126,137,75.0,346,653,828,90,488,62635.0,1661096.0,700,172,646,690,232,
2016.0,1,147,11,75.0,36,314,119,702,796,663649.0,408084349.0,98,134,482,314,68,0.0
2014.0,1,136,11,70.0,36,314,119,748,796,736182.0,259766572.0,98,112,636,310,28,1.0
2016.0,3,118,100,72.0,319,624,259,745,46,189400.0,5875006.0,426,112,191,180,27,1.0
2013.0,1,134,37,82.0,372,604,66,67,136,421244.0,107100855.0,63,112,382,448,147,6.0
1993.0,4,144,132,65.0,60,9,707,648,427,201000.0,36948322.0,164,112,200,573,152,0.0
1942.0,0,102,175,100.0,329,262,303,639,162,522093.0,1024560.0,700,172,646,690,232,
1995.0,4,178,122,73.0,313,514,713,384,370,466276.0,42438300.0,454,127,362,587,6,1.0
2006.0,2,144,12,80.0,310,145,216,419,392,582239.0,167445960.0,689,106,339,193,33,1.0
2006.0,2,144,12,80.0,310,145,216,419,392,582239.0,167445960.0,447,156,626,123,143,0.0
2000.0,1,143,50,73.0,426,604,285,643,520,524235.0,233632142.0,674,112,413,533,134,2.0
1958.0,4,108,137,84.0,403,185,619,103,351,45062.0,17570324.0,629,87,646,690,6,0.0
2002.0,4,141,84,75.0,470,382,773,143,594,832846.0,164615351.0,610,112,555,304,6,0.0
2002.0,4,141,84,75.0,470,382,773,143,594,832846.0,164615351.0,189,116,53,173,28,2.0
2009.0,4,113,3,,93,395,16,52,569,63882.0,,700,172,646,690,232,
1998.0,3,110,137,80.0,522,209,799,542,819,36419.0,5595428.0,700,172,646,690,232,
2007.0,0,153,141,68.0,452,556,795,735,809,74129.0,1113541.0,259,49,310,165,199,0.0
2008.0,3,141,84,63.0,84,33,142,25,276,239203.0,35739802.0,254,112,521,259,6,3.0
1963.0,0,113,118,83.0,461,104,62,865,361,68689.0,13474588.0,493,112,305,470,39,1.0
2019.0,1,143,100,,359,579,718,847,710,33893.0,898575.0,498,45,637,219,198,0.0
2006.0,4,109,51,84.0,20,337,139,128,620,465113.0,35552383.0,26,161,410,584,221,3.0
1974.0,1,130,170,92.0,431,273,224,399,697,294230.0,29000000.0,540,112,608,392,19,0.0
2008.0,4,125,24,64.0,186,361,421,879,918,58468.0,,700,172,646,690,232,
1994.0,0,102,95,77.0,269,88,749,834,256,63122.0,600200.0,700,172,646,690,232,
2002.0,4,130,122,79.0,135,367,24,483,602,699256.0,7563397.0,700,172,646,690,232,
2005.0,1,144,87,69.0,433,531,650,154,692,176151.0,61649911.0,106,112,385,581,6,3.0
1941.0,1,119,167,100.0,368,468,408,201,5,403351.0,1585634.0,700,172,646,690,232,
1931.0,0,87,105,99.0,74,111,801,235,316,167839.0,19181.0,700,172,646,690,232,
1994.0,3,92,93,70.0,280,85,353,528,546,211450.0,3151130.0,374,112,485,593,6,0.0
1977.0,0,138,176,90.0,470,503,238,811,615,184966.0,132088635.0,615,152,196,275,49,0.0
2017.0,0,105,69,81.0,288,5,50,253,82,384171.0,209726015.0,391,144,471,611,149,0.0
2016.0,3,106,129,,367,411,33,412,120,141516.0,,700,172,646,690,232,
2007.0,3,122,88,78.0,38,539,694,155,22,61609.0,871577.0,147,91,443,61,6,0.0
2007.0,3,122,88,78.0,38,539,694,155,22,61609.0,871577.0,459,43,123,84,202,0.0
1967.0,4,127,122,92.0,471,473,258,790,348,161984.0,16217773.0,155,112,319,270,6,0.0
2009.0,0,100,77,80.0,182,142,760,397,396,197761.0,75286229.0,236,115,476,207,134,1.0
2001.0,0,115,63,61.0,453,592,292,883,76,42897.0,1000045.0,700,172,646,690,232,
2004.0,1,112,132,66.0,373,169,696,814,476,419483.0,54580300.0,472,130,25,67,125,0.0
2004.0,1,112,132,66.0,373,169,696,814,476,419483.0,54580300.0,255,9,604,26,166,0.0
2015.0,4,133,178,82.0,436,434,743,813,706,247666.0,109767581.0,557,112,270,332,149,1.0
1989.0,2,104,100,77.0,532,419,821,79,160,54670.0,18254702.0,691,112,576,266,70,3.0
1998.0,3,127,97,73.0,123,53,732,96,261,50862.0,348660.0,700,172,646,690,232,
2013.0,3,117,85,80.0,218,426,361,350,831,441614.0,27298285.0,700,172,646,690,232,0.0
2000.0,0,140,128,61.0,285,73,106,178,702,102285.0,4184036.0,385,16,238,687,54,1.0
1990.0,0,181,54,72.0,277,355,515,280,753,240266.0,184208848.0,434,152,79,506,146,0.0
2016.0,0,161,16,,359,0,689,230,788,156479.0,12391761.0,499,48,484,14,199,0.0
2009.0,1,119,167,87.0,42,237,712,805,619,45803.0,106662.0,700,172,646,690,232,
1998.0,4,100,198,66.0,17,530,446,363,911,187927.0,14378331.0,23,2,422,353,6,0.0
2019.0,2,126,87,73.0,498,415,46,824,89,60408.0,,446,112,164,413,104,0.0
2019.0,2,126,87,73.0,498,415,46,824,89,60408.0,,410,75,182,592,134,0.0
1981.0,3,149,52,86.0,530,341,290,466,335,231855.0,11487676.0,690,168,439,59,192,6.0
1920.0,4,76,188,,424,633,143,251,539,57428.0,,700,172,646,690,232,
2001.0,3,120,179,60.0,363,454,125,616,914,90842.0,141072.0,700,172,646,690,232,
2009.0,1,144,154,82.0,330,129,212,489,879,68715.0,2222647.0,700,172,646,690,232,
1978.0,4,127,8,71.0,156,154,438,758,277,111512.0,5100000.0,199,120,596,473,6,0.0
1978.0,4,127,8,71.0,156,154,438,758,277,111512.0,5100000.0,198,141,407,282,149,0.0
2014.0,1,130,4,79.0,318,220,441,35,512,411599.0,208545589.0,415,153,621,531,9,1.0
1978.0,1,94,172,93.0,485,506,88,744,542,52852.0,,631,112,364,382,79,0.0
1993.0,0,102,93,78.0,408,291,811,548,756,165465.0,7993039.0,520,112,231,237,6,0.0
1995.0,3,121,47,62.0,227,327,243,156,519,90442.0,1037847.0,305,37,90,380,23,0.0
2004.0,4,90,132,52.0,451,470,246,827,833,49728.0,6013.0,469,87,391,671,6,1.0
1989.0,0,128,100,79.0,385,519,662,223,448,425457.0,95860116.0,645,112,553,514,106,0.0
2016.0,3,108,2,65.0,496,535,567,797,219,902669.0,363070709.0,512,112,621,543,6,0.0
2018.0,3,119,2,66.0,102,535,410,589,460,478586.0,324591735.0,513,116,151,543,20,0.0
2006.0,4,126,123,,455,590,440,60,926,28630.0,,700,172,646,690,232,
1991.0,3,99,94,66.0,303,302,501,198,685,80487.0,1794187.0,290,20,251,146,183,1.0
1972.0,0,109,52,80.0,233,328,94,600,754,98740.0,7056013.0,267,112,156,632,6,3.0
1987.0,0,128,147,79.0,528,94,727,626,172,64722.0,3333969.0,700,172,646,690,232,
1986.0,3,130,129,54.0,216,552,126,298,240,102031.0,7153487.0,700,172,646,690,232,
2004.0,3,156,87,82.0,363,94,23,842,462,331308.0,5509040.0,700,172,646,690,232,
2010.0,0,95,73,72.0,387,125,737,353,770,500851.0,251513985.0,105,127,646,574,6,1.0
1957.0,4,96,143,88.0,190,429,273,74,669,164939.0,,700,172,646,690,232,
2011.0,4,98,137,52.0,507,6,127,520,559,77071.0,71177.0,80,112,433,381,6,0.0
2009.0,4,144,172,,40,2,496,437,197,28749.0,10950.0,566,45,152,41,198,0.0
1954.0,4,105,136,75.0,22,498,270,700,438,158335.0,12562.0,700,172,646,690,232,
2004.0,0,126,38,75.0,522,218,671,592,618,96703.0,16756372.0,700,172,646,690,232,
1988.0,4,132,36,72.0,245,93,11,91,731,793164.0,83008852.0,545,112,249,535,63,4.0
1995.0,4,128,12,58.0,245,93,364,748,297,364420.0,100012499.0,700,172,646,690,232,
2008.0,4,107,179,,112,342,239,551,397,102742.0,,700,172,646,690,232,
2020.0,1,101,105,,345,579,697,736,793,111478.0,,579,45,489,218,198,0.0
2001.0,4,183,105,,131,0,688,9,711,66803.0,300000.0,364,45,267,189,199,0.0
1995.0,0,189,172,,7,556,423,23,255,63516.0,,10,45,284,683,198,0.0
1989.0,3,111,22,82.0,249,649,150,741,513,45624.0,,700,172,646,690,232,
1971.0,4,102,24,90.0,115,135,37,292,733,143292.0,35900000.0,233,112,297,492,6,0.0
2009.0,4,112,35,81.0,351,560,154,351,659,638202.0,115646235.0,453,76,326,520,122,4.0
2012.0,4,165,184,81.0,391,284,129,488,498,1357682.0,162805434.0,700,172,646,690,232,0.0
1995.0,1,99,95,71.0,269,381,550,803,148,26429.0,,700,172,646,690,232,
1989.0,3,120,100,93.0,459,149,601,722,739,89429.0,27545445.0,592,112,570,4,93,2.0
1965.0,4,197,175,69.0,101,467,417,267,752,69903.0,111722000.0,67,60,414,323,135,0.0
1975.0,0,125,84,86.0,456,9,387,647,834,235652.0,50000000.0,191,112,19,626,6,0.0
2003.0,3,178,122,60.0,285,462,614,478,314,137963.0,1530386.0,383,17,609,686,28,0.0
1988.0,3,142,95,,123,161,79,504,337,26402.0,280015.0,700,172,646,690,232,
1997.0,4,127,84,76.0,340,9,402,567,112,279318.0,41909762.0,352,112,333,305,86,1.0
2001.0,3,113,169,88.0,406,276,358,538,333,740086.0,1480006.0,518,112,27,379,6,0.0
1944.0,4,107,124,95.0,49,216,65,208,119,143525.0,5720000.0,700,172,646,690,232,
1986.0,3,107,95,75.0,227,606,394,711,665,47834.0,1436000.0,305,166,372,264,80,0.0
1964.0,4,95,93,97.0,463,481,256,788,491,450474.0,275902.0,598,106,81,472,134,4.0
2013.0,0,160,132,,222,452,528,61,49,30722.0,,700,172,646,690,232,
2015.0,1,163,129,,358,7,719,798,719,70367.0,739478.0,700,172,646,690,232,
2011.0,4,100,122,78.0,355,533,99,101,16,571571.0,35061555.0,571,112,356,374,6,0.0
2011.0,4,100,122,78.0,355,533,99,101,16,571571.0,35061555.0,240,112,474,196,149,1.0
2011.0,4,100,122,78.0,355,533,99,101,16,571571.0,35061555.0,292,112,646,317,6,0.0
2020.0,4,117,100,81.0,493,399,762,515,521,33931.0,,700,172,646,690,232,
1955.0,4,118,132,97.0,265,299,100,705,374,28810.0,57226.0,700,172,646,690,232,
1933.0,4,69,117,93.0,290,242,279,125,932,55581.0,,700,172,646,690,232,
2017.0,1,106,26,94.0,83,211,67,532,866,555092.0,188373161.0,102,105,618,482,34,0.0
1991.0,1,125,155,,539,238,374,738,171,29662.0,2603061.0,700,172,646,690,232,
1982.0,0,115,186,91.0,470,253,180,650,188,372490.0,435110554.0,430,112,40,564,6,0.0
1955.0,0,118,137,72.0,122,279,645,426,117,40313.0,,700,172,646,690,232,
2007.0,3,100,22,82.0,99,457,796,57,442,227760.0,17114882.0,614,89,581,280,142,1.0
1994.0,0,127,83,70.0,495,327,512,750,686,164937.0,5887457.0,554,112,299,517,6,0.0
2014.0,1,113,11,71.0,117,602,202,83,102,600004.0,100206256.0,101,119,605,664,6,0.0
1990.0,0,105,147,74.0,495,327,818,193,52,447368.0,56362352.0,637,112,549,526,6,1.0
2006.0,3,120,137,78.0,474,399,722,717,662,32001.0,412544.0,700,172,646,690,232,
2012.0,4,112,199,,367,330,298,69,63,57549.0,,700,172,646,690,232,
2009.0,3,129,168,80.0,264,500,726,628,128,193217.0,6391436.0,700,172,646,690,232,
1962.0,4,95,142,,296,565,321,219,449,29682.0,,700,172,646,690,232,
1987.0,0,153,26,62.0,470,128,395,579,666,115677.0,22238696.0,646,112,607,623,98,6.0
2015.0,2,116,105,70.0,177,523,64,232,342,47444.0,3358518.0,700,172,646,690,232,
2012.0,4,109,22,68.0,98,276,545,40,29,228132.0,41003371.0,127,152,371,191,149,0.0
2001.0,4,131,157,53.0,216,335,183,413,717,243729.0,51401758.0,289,54,88,387,65,0.0
2012.0,0,134,101,,152,569,1,556,712,33618.0,1670773.0,194,45,484,153,198,0.0
1973.0,4,102,22,83.0,417,92,399,372,7,96561.0,25000000.0,432,42,47,629,16,0.0
1979.0,4,112,15,76.0,115,135,611,712,354,121731.0,43000000.0,252,112,53,401,6,0.0
1996.0,4,128,132,,537,554,789,766,917,64118.0,,700,172,646,690,232,
2004.0,1,108,173,89.0,334,308,428,832,289,911664.0,34400301.0,90,112,409,204,6,0.0
1987.0,4,84,18,72.0,440,90,700,161,480,148359.0,5923044.0,561,112,189,436,106,0.0
2014.0,1,108,177,78.0,16,18,173,624,822,474141.0,25442958.0,22,106,329,7,6,0.0
2000.0,0,98,172,85.0,269,609,493,660,876,124383.0,2734044.0,700,172,646,690,232,
1993.0,3,113,22,56.0,232,437,658,66,716,171640.0,40903593.0,159,34,62,23,157,0.0
1982.0,4,188,137,100.0,190,63,622,470,121,57784.0,4971340.0,700,172,646,690,232,
1940.0,0,125,81,96.0,201,544,229,610,186,88662.0,76408097.0,700,172,646,690,232,
2009.0,1,87,67,83.0,524,229,535,81,379,199696.0,21002919.0,527,112,597,537,28,2.0
1996.0,4,98,132,85.0,231,200,816,239,830,617444.0,24611975.0,176,106,272,422,6,0.0
1998.0,3,118,40,41.0,487,327,73,826,623,259753.0,10680275.0,243,112,561,195,6,0.0
1986.0,0,103,93,61.0,240,425,12,559,391,321382.0,70136369.0,330,112,95,382,52,0.0
1998.0,3,105,137,82.0,493,616,286,818,684,78341.0,1647780.0,700,172,646,690,232,
1971.0,0,181,140,67.0,361,610,593,487,645,39491.0,80500000.0,582,112,363,495,72,0.0
1999.0,4,139,137,66.0,100,80,189,553,930,1854740.0,37030102.0,104,38,15,214,6,1.0
2003.0,0,100,67,90.0,30,378,13,215,21,949565.0,380843261.0,34,142,471,610,99,0.0
2004.0,0,106,86,67.0,304,327,428,424,718,198677.0,51680613.0,28,152,368,340,6,0.0
1982.0,4,93,0,61.0,483,580,87,687,85,226541.0,47212904.0,139,112,302,35,6,0.0
1982.0,3,158,46,,523,365,137,416,634,31595.0,,668,170,472,672,197,1.0
2010.0,1,90,105,45.0,413,398,97,680,51,81446.0,1752214.0,528,112,63,89,6,0.0
2019.0,1,152,16,81.0,208,424,124,406,122,291289.0,117624028.0,302,112,525,99,82,0.0
1994.0,1,142,172,82.0,426,604,666,257,779,1809221.0,330252182.0,688,112,161,402,6,0.0
2016.0,1,124,137,85.0,42,557,753,62,638,51240.0,2402067.0,700,172,646,690,232,
1931.0,4,70,160,91.0,213,136,492,92,415,65341.0,,421,143,572,524,6,1.0
1932.0,4,64,158,80.0,497,630,471,615,758,42117.0,,697,116,621,29,6,0.0
1991.0,2,130,137,64.0,250,347,372,540,598,66941.0,82418501.0,178,112,531,563,6,2.0
1953.0,4,118,175,85.0,145,96,566,184,212,43374.0,30500000.0,700,172,646,690,232,
2008.0,3,122,87,80.0,433,213,547,457,783,103330.0,18593156.0,489,95,455,578,6,5.0
1987.0,1,116,182,76.0,463,427,633,858,3,675146.0,46357676.0,597,106,314,649,175,1.0
1997.0,4,108,132,69.0,330,578,790,58,268,65058.0,,437,129,287,95,6,0.0
1997.0,4,108,132,69.0,330,578,790,58,268,65058.0,,437,3,70,199,196,0.0
2004.0,4,127,44,,547,110,839,627,778,56960.0,,84,86,65,55,230,0.0
2008.0,0,101,67,86.0,179,106,521,492,870,125317.0,15090400.0,700,172,646,690,232,
1982.0,0,191,87,79.0,402,59,391,716,761,217664.0,52767889.0,321,101,446,262,73,0.0
2012.0,4,321,17,89.0,40,402,653,599,858,82365.0,,700,172,646,690,232,
1997.0,1,106,177,64.0,29,201,791,418,295,280845.0,12339633.0,33,112,388,125,26,1.0
2004.0,3,121,172,78.0,132,72,720,290,931,51325.0,,700,172,646,690,232,
2017.0,3,104,194,85.0,256,147,28,95,136,492851.0,176040665.0,350,142,233,568,164,0.0
1984.0,1,105,18,71.0,193,66,145,777,312,355413.0,238632124.0,365,113,109,127,6,0.0
1984.0,1,105,18,71.0,193,66,145,777,312,355413.0,238632124.0,114,112,240,120,6,2.0
1956.0,0,201,184,84.0,164,185,667,336,134,34075.0,,700,172,646,690,232,
2017.0,2,101,137,60.0,305,121,527,498,673,99643.0,24801212.0,643,112,525,221,6,0.0
1946.0,4,110,151,,76,510,266,263,444,27991.0,,700,172,646,690,232,
2019.0,4,132,106,96.0,56,343,466,131,152,552778.0,53367844.0,700,172,646,690,232,
1971.0,1,157,183,77.0,449,520,325,719,576,30144.0,696690.0,700,172,646,690,232,
2000.0,1,155,4,67.0,411,531,379,152,676,1341460.0,187705427.0,153,112,158,133,6,0.0
2000.0,1,155,4,67.0,411,531,379,152,676,1341460.0,187705427.0,130,163,452,177,6,0.0
1992.0,3,100,129,82.0,203,9,316,14,12,95826.0,10725228.0,135,112,445,365,6,1.0
1989.0,3,122,87,78.0,120,425,160,112,648,122779.0,26830000.0,372,112,525,522,6,0.0
2017.0,4,104,172,85.0,138,334,18,259,339,25198.0,335609.0,188,87,361,73,132,1.0
1964.0,4,110,12,87.0,174,552,262,304,810,174119.0,51081062.0,523,112,269,184,22,0.0
2007.0,3,114,129,72.0,45,453,183,114,631,250590.0,20300218.0,55,112,421,343,6,1.0
2014.0,4,149,170,79.0,100,57,675,602,877,859695.0,167767189.0,206,112,140,545,6,1.0
1939.0,0,238,155,97.0,514,230,692,147,890,290074.0,198676459.0,700,172,646,690,232,
2000.0,4,110,30,58.0,73,379,463,439,504,26518.0,,700,172,646,690,232,
2003.0,3,121,105,68.0,529,144,432,144,260,137981.0,4064200.0,58,35,55,680,194,1.0
1997.0,0,126,172,70.0,173,519,521,70,826,861606.0,138433435.0,425,112,389,341,6,0.0
1990.0,4,146,84,90.0,313,514,644,384,552,1020727.0,46836394.0,454,112,591,621,84,0.0
2008.0,3,116,137,72.0,84,135,69,138,8,720450.0,148095302.0,455,38,14,316,75,0.0
2013.0,1,91,177,96.0,20,546,257,203,679,769145.0,274092705.0,25,106,550,633,69,0.0
2018.0,1,130,83,69.0,382,624,495,497,800,377884.0,85080171.0,456,121,304,411,90,0.0
1993.0,0,101,111,72.0,178,66,35,133,829,577991.0,70906973.0,123,112,24,112,41,0.0
2014.0,1,121,2,76.0,205,124,797,94,934,1043455.0,333176600.0,272,152,369,312,6,2.0
2017.0,1,136,2,67.0,205,124,837,175,888,569974.0,389813101.0,271,112,145,310,6,1.0
1967.0,4,108,100,63.0,462,568,721,446,483,39642.0,56700000.0,681,112,397,139,106,0.0
2019.0,1,154,165,65.0,545,625,571,676,887,31886.0,5566534.0,699,45,420,190,199,0.0
2002.0,3,112,168,86.0,378,528,345,174,534,104691.0,9284265.0,700,172,646,690,232,
2009.0,0,93,86,,286,506,375,113,791,253575.0,,609,106,492,469,94,0.0
2016.0,4,139,87,71.0,325,30,693,510,848,435928.0,67209615.0,538,112,573,478,94,0.0
2014.0,1,160,22,,518,558,745,774,489,50445.0,901610.0,683,45,331,554,198,0.0
1978.0,4,91,196,87.0,236,170,332,835,654,233106.0,47000000.0,529,112,3,162,6,0.0
1978.0,4,91,196,87.0,236,170,332,835,654,233106.0,47000000.0,324,112,400,143,6,0.0
1978.0,4,91,196,87.0,236,170,332,835,654,233106.0,47000000.0,325,112,154,66,6,0.0
2020.0,2,160,87,90.0,492,390,627,490,734,55291.0,,279,83,229,352,169,0.0
2020.0,2,160,87,90.0,492,390,627,490,734,55291.0,,399,112,493,599,28,0.0
1996.0,2,242,137,,274,354,417,190,482,35991.0,4414535.0,686,112,545,688,6,0.0
1996.0,2,242,137,,274,354,417,190,482,35991.0,4414535.0,216,77,317,285,219,2.0
1996.0,2,242,137,,274,354,417,190,482,35991.0,4414535.0,682,112,375,503,6,0.0
1996.0,2,242,137,,274,354,417,190,482,35991.0,4414535.0,685,106,104,93,6,4.0
1996.0,2,242,137,,274,354,417,190,482,35991.0,4414535.0,684,94,207,256,6,2.0
1996.0,2,242,137,,274,354,417,190,482,35991.0,4414535.0,682,87,646,356,6,0.0
1996.0,2,242,137,,274,354,417,190,482,35991.0,4414535.0,650,87,592,202,6,0.0
1997.0,4,103,130,,477,587,433,682,837,27712.0,233986.0,700,172,646,690,232,
1986.0,2,107,100,90.0,532,433,167,564,72,67176.0,40084041.0,691,112,107,373,6,0.0
1998.0,4,134,100,81.0,500,286,404,655,217,66408.0,2807390.0,12,20,78,410,183,0.0
1998.0,4,134,100,81.0,500,286,404,655,217,66408.0,2807390.0,641,112,430,234,134,0.0
1971.0,1,91,105,62.0,176,532,92,861,173,70826.0,,107,112,0,334,6,1.0
2010.0,4,146,55,65.0,107,148,206,726,87,479120.0,295983305.0,613,106,360,636,106,2.0
2011.0,1,130,47,85.0,107,148,206,726,622,764493.0,381011219.0,613,106,252,636,106,3.0
2005.0,1,157,55,81.0,340,148,206,726,251,548619.0,290013036.0,613,106,264,638,44,1.0
2009.0,1,153,5,78.0,107,148,206,726,622,474827.0,301959197.0,613,106,490,636,106,1.0
2004.0,0,142,55,82.0,20,148,206,726,740,552493.0,249358727.0,256,106,265,637,109,2.0
2001.0,0,152,55,64.0,78,148,679,691,565,658185.0,317575550.0,256,106,57,637,106,3.0
1950.0,4,104,102,,181,282,806,872,886,52573.0,,700,172,646,690,232,
2004.0,0,119,69,80.0,179,116,751,808,10,333915.0,4711096.0,700,172,646,690,232,
1995.0,4,170,132,76.0,331,9,656,843,441,577113.0,67436818.0,48,0,125,464,223,0.0
1995.0,4,170,132,76.0,331,9,656,843,441,577113.0,67436818.0,477,112,16,36,6,0.0
1995.0,4,170,132,76.0,331,9,656,843,441,577113.0,67436818.0,438,112,5,650,149,0.0
1995.0,4,170,132,76.0,331,9,656,843,441,577113.0,67436818.0,677,112,359,187,6,0.0
2001.0,3,95,103,85.0,234,318,562,786,855,31957.0,3029081.0,322,10,586,278,52,0.0
2016.0,3,102,22,88.0,104,123,71,358,290,204175.0,26862450.0,627,112,168,81,6,4.0
2013.0,4,126,173,90.0,458,311,31,755,755,540772.0,25568251.0,700,172,646,690,232,0.0
2000.0,0,156,17,,390,8,740,630,840,57057.0,,37,45,646,98,198,0.0
2000.0,0,156,17,,390,8,740,630,840,57057.0,,584,45,571,10,198,0.0
2016.0,1,127,87,74.0,490,589,596,347,500,200876.0,169607287.0,29,112,214,212,6,3.0
1952.0,1,85,181,89.0,145,219,270,819,548,97222.0,9450000.0,700,172,646,690,232,
1959.0,4,90,172,,10,197,190,784,707,28421.0,88300.0,700,172,646,690,232,
1940.0,4,92,105,,187,104,674,670,281,53667.0,296000.0,700,172,646,690,232,
1990.0,0,103,108,63.0,78,397,382,167,425,488817.0,285761243.0,330,112,38,536,28,2.0
2007.0,1,121,19,81.0,119,566,579,535,87,463466.0,23637265.0,162,90,583,586,6,0.0
1988.0,0,89,80,94.0,192,613,63,7,919,235231.0,,700,172,646,690,232,
2004.0,2,121,87,79.0,486,169,731,380,915,334320.0,23530892.0,368,165,506,559,43,3.0
2010.0,0,98,62,75.0,109,126,346,268,156,666773.0,217581231.0,675,128,646,166,6,2.0
2014.0,0,102,62,76.0,109,295,105,268,168,305611.0,177002924.0,146,139,646,166,6,1.0
2016.0,1,101,40,81.0,476,538,414,695,714,111483.0,5202582.0,624,69,303,419,6,0.0
2006.0,2,104,16,70.0,434,307,476,881,923,72863.0,24633730.0,700,172,646,690,232,
2010.0,3,118,172,65.0,474,446,785,533,904,38491.0,1008098.0,700,172,646,690,232,
1978.0,0,99,162,,190,266,479,486,309,26875.0,,700,172,646,690,232,
2001.0,2,132,137,28.0,225,553,549,159,196,142863.0,40311852.0,376,112,217,359,6,1.0
2016.0,1,100,137,78.0,273,373,152,294,806,53818.0,258168.0,475,92,434,462,6,0.0
1985.0,4,142,180,,121,15,597,503,891,59056.0,,700,172,646,690,232,
1952.0,4,143,137,,9,586,589,772,318,68463.0,55240.0,700,172,646,690,232,
1966.0,4,161,201,90.0,449,135,196,485,17,688390.0,6100000.0,700,172,646,690,232,
1970.0,1,113,137,100.0,47,300,734,258,246,27067.0,541940.0,700,172,646,690,232,
1994.0,0,108,83,81.0,333,423,518,656,575,33600.0,21848932.0,700,172,646,690,232,
2002.0,2,105,137,76.0,228,470,694,195,790,40403.0,15539266.0,307,55,313,245,155,3.0
2008.0,3,107,95,67.0,311,137,85,145,236,390334.0,7757130.0,420,106,119,205,6,1.0
1950.0,4,94,150,,353,262,267,243,125,26784.0,,700,172,646,690,232,
1967.0,0,110,129,75.0,361,563,668,867,525,67804.0,24379978.0,618,112,551,494,6,0.0
1993.0,1,133,84,84.0,228,146,623,18,704,156842.0,25010410.0,204,55,342,246,6,7.0
2010.0,3,131,171,80.0,110,394,570,552,650,150023.0,6857096.0,665,8,59,689,184,1.0
2010.0,1,148,11,74.0,83,382,409,216,496,2067042.0,292576195.0,102,152,246,644,96,0.0
2018.0,1,118,62,80.0,58,139,293,752,336,250057.0,608581744.0,68,142,471,610,6,1.0
1989.0,0,127,0,65.0,470,249,705,19,190,692366.0,197171806.0,294,112,405,386,60,0.0
2009.0,4,153,53,69.0,391,80,165,211,651,1267869.0,120540719.0,501,130,114,589,56,0.0
1960.0,4,128,87,75.0,462,568,240,260,199,27254.0,,448,112,178,471,6,4.0
2006.0,3,129,129,76.0,459,165,139,381,157,339757.0,88513495.0,556,112,562,576,8,0.0
2015.0,0,95,67,94.0,380,527,32,80,535,616228.0,356461711.0,485,112,471,420,130,0.0
2015.0,0,95,67,94.0,380,527,32,80,535,616228.0,356461711.0,359,111,61,277,6,0.0
2002.0,3,116,40,,54,280,245,472,604,29999.0,,700,172,646,690,232,
2014.0,1,169,51,74.0,83,426,46,370,564,1512360.0,188020017.0,347,153,309,404,6,0.0
2007.0,3,148,38,73.0,446,190,798,117,571,572921.0,18354356.0,575,112,69,407,25,2.0
1956.0,4,80,160,92.0,115,357,147,475,508,44839.0,,664,112,516,465,28,0.0
2008.0,1,126,11,79.0,251,516,275,812,389,939644.0,318412101.0,417,116,51,389,126,2.0
2018.0,0,101,67,82.0,524,95,451,209,94,139114.0,32015231.0,670,99,613,223,94,2.0
1934.0,4,105,119,87.0,140,132,136,864,759,94016.0,4360000.0,700,172,646,690,232,
1946.0,1,130,139,89.0,140,282,177,499,857,405801.0,,509,41,646,279,3,0.0
1962.0,4,95,182,,25,178,585,844,254,31728.0,,700,172,646,690,232,
1991.0,1,189,156,72.0,364,355,245,329,896,142110.0,70405498.0,304,34,190,627,149,0.0
2007.0,0,138,105,,189,558,425,806,181,47720.0,410800.0,700,172,646,690,232,
2012.0,3,115,137,77.0,493,399,762,46,522,281623.0,687185.0,700,172,646,690,232,
1975.0,4,124,61,87.0,470,529,663,688,553,543388.0,260000000.0,486,112,634,685,6,0.0
2003.0,3,93,105,45.0,534,243,503,815,450,67360.0,548707.0,700,172,646,690,232,
2011.0,2,123,137,95.0,42,475,470,753,804,220002.0,7098492.0,700,172,646,690,232,
2019.0,1,108,107,58.0,476,524,764,755,841,297918.0,349555.0,94,13,643,454,52,0.0
2019.0,4,122,132,59.0,499,311,656,887,263,939252.0,335451311.0,640,117,4,660,52,0.0
2019.0,4,122,132,59.0,499,311,656,887,263,939252.0,335451311.0,57,81,266,104,226,0.0
2019.0,4,122,132,59.0,499,311,656,887,263,939252.0,335451311.0,581,45,152,242,198,0.0
2005.0,2,116,153,70.0,79,167,74,283,657,28003.0,1054361.0,700,172,646,690,232,
1961.0,4,179,182,60.0,462,568,93,692,589,69458.0,,6,112,645,442,52,0.0
1962.0,4,105,172,97.0,144,304,600,299,883,37605.0,,700,172,646,690,232,
1960.0,4,89,137,,190,429,78,284,93,26697.0,1526000.0,700,172,646,690,232,
1993.0,1,127,11,68.0,470,538,454,361,737,867615.0,402453882.0,436,112,577,564,149,0.0
2019.0,4,137,84,68.0,113,434,331,99,147,46739.0,,151,112,173,634,6,0.0
1993.0,4,94,62,,540,369,201,802,680,34529.0,,700,172,646,690,232,
2018.0,1,156,25,,389,645,733,672,56,36680.0,,700,172,646,690,232,
1980.0,0,180,157,84.0,9,591,786,455,410,32195.0,,700,172,646,690,232,
2013.0,0,137,68,89.0,192,119,324,539,366,38746.0,1506975.0,700,172,646,690,232,
2012.0,1,122,199,,473,623,604,318,660,57806.0,1035953.0,700,172,646,690,232,
2013.0,0,130,178,40.0,4,20,741,669,32,32628.0,1122527.0,700,172,646,690,232,
1958.0,4,139,46,,9,611,563,577,472,34797.0,,700,172,646,690,232,
2003.0,0,186,104,54.0,357,489,711,737,383,63460.0,1787378.0,460,45,604,159,199,0.0
2010.0,0,94,69,80.0,185,24,561,732,846,80939.0,19202743.0,700,172,646,690,232,
1984.0,0,117,70,86.0,179,575,497,302,296,150924.0,495770.0,700,172,646,690,232,
2013.0,2,126,72,83.0,179,254,291,578,601,73690.0,5209580.0,700,172,646,690,232,
1970.0,1,144,45,50.0,61,135,757,199,135,45338.0,1378435.0,653,171,595,326,34,0.0
1948.0,4,100,22,,241,262,188,478,545,36995.0,,700,172,646,690,232,
2010.0,1,117,17,66.0,320,1,581,129,273,524081.0,48071303.0,283,106,538,309,6,0.0
2003.0,3,111,22,69.0,391,617,153,173,624,1000639.0,70099045.0,503,121,558,338,96,5.0
2004.0,4,137,24,83.0,391,617,153,567,183,683900.0,66208183.0,503,112,92,338,18,0.0
2016.0,0,106,78,79.0,300,536,564,731,54,194838.0,5017246.0,700,172,646,690,232,
1949.0,0,106,94,,419,164,17,846,412,34485.0,,700,172,646,690,232,
1933.0,4,100,58,90.0,327,199,223,698,108,78991.0,10000000.0,422,45,646,447,198,0.0
1933.0,4,100,58,90.0,327,199,223,698,108,78991.0,10000000.0,262,112,334,164,6,2.0
1933.0,4,100,58,90.0,327,199,223,698,108,78991.0,10000000.0,184,147,533,591,6,0.0
2014.0,4,129,2,60.0,320,138,754,748,620,590440.0,128261724.0,283,106,56,542,12,0.0
2014.0,4,196,137,88.0,362,247,532,186,68,46547.0,165520.0,700,172,646,690,232,
2019.0,1,96,67,65.0,450,101,343,325,727,104761.0,,700,172,646,690,232,
2019.0,1,130,95,82.0,400,145,119,27,373,454203.0,165359751.0,514,112,108,294,6,1.0
1997.0,4,87,21,,491,598,333,816,649,27721.0,3296.0,634,35,580,78,193,0.0
2016.0,2,130,77,78.0,347,450,698,55,497,47708.0,,700,172,646,690,232,
2010.0,4,106,179,,489,585,829,543,922,35713.0,,700,172,646,690,232,
1979.0,4,105,137,77.0,416,174,535,343,465,133351.0,106260000.0,52,112,590,138,6,0.0
2016.0,1,101,62,84.0,509,114,59,548,721,118035.0,48023088.0,408,106,646,206,6,2.0
1957.0,4,110,152,,9,611,560,323,842,46678.0,,700,172,646,690,232,
2004.0,1,99,18,78.0,465,571,805,664,815,127250.0,17108591.0,700,172,646,690,232,
1992.0,0,94,67,83.0,179,562,770,102,875,77798.0,,700,172,646,690,232,
1995.0,1,83,63,76.0,302,49,301,8,518,129231.0,515905.0,700,172,646,690,232,
1960.0,0,144,167,,336,217,565,481,207,26542.0,,700,172,646,690,232,
1997.0,4,138,129,90.0,87,358,680,288,502,531967.0,64616940.0,268,112,589,435,6,0.0
1937.0,4,113,182,,215,297,170,659,252,33829.0,172885.0,700,172,646,690,232,
2016.0,4,128,103,94.0,90,533,204,721,349,505918.0,151101803.0,113,136,278,477,16,0.0
1954.0,4,108,137,,133,39,265,685,18,58314.0,,700,172,646,690,232,
2007.0,2,140,88,66.0,365,412,744,631,243,82781.0,10301706.0,251,31,479,291,185,0.0
1966.0,4,121,182,96.0,166,83,348,878,784,53089.0,55908.0,700,172,646,690,232,
1960.0,4,174,100,95.0,133,404,41,48,924,66621.0,19516000.0,700,172,646,690,232,
1991.0,3,98,145,86.0,283,268,819,291,471,42376.0,1999955.0,700,172,646,690,232,
2013.0,4,141,137,86.0,371,608,102,733,129,81125.0,2852400.0,700,172,646,690,232,
1995.0,1,98,122,,317,626,295,754,1,150345.0,309811.0,423,20,153,290,191,0.0
1998.0,0,169,165,58.0,167,599,632,591,88,59020.0,259127.0,700,172,646,690,232,
2013.0,3,131,129,49.0,167,227,373,794,210,108399.0,85433.0,700,172,646,690,232,
1973.0,3,114,47,76.0,15,13,294,886,452,37183.0,61001.0,700,172,646,690,232,
1928.0,4,110,87,,69,408,215,30,608,47676.0,21877.0,700,172,646,690,232,
2011.0,3,120,161,70.0,378,40,194,342,582,138959.0,3185812.0,700,172,646,690,232,
1973.0,0,72,82,73.0,399,55,360,221,385,25229.0,193817.0,700,172,646,690,232,
1939.0,4,110,100,,215,403,591,644,636,26725.0,,700,172,646,690,232,
2013.0,4,180,172,89.0,2,396,2,740,65,138741.0,2199675.0,700,172,646,690,232,
1997.0,0,116,105,59.0,427,518,583,273,291,623629.0,57598247.0,700,172,646,690,232,
1948.0,4,89,137,,519,372,210,493,230,146427.0,332930.0,700,172,646,690,232,
2001.0,0,224,49,84.0,43,0,636,279,715,105036.0,70147.0,50,48,99,13,199,1.0
2006.0,0,144,105,,394,547,58,853,97,43137.0,2217561.0,658,45,420,595,198,0.0
1992.0,3,128,24,,249,649,779,810,703,46700.0,,700,172,646,690,232,
1944.0,4,88,150,,369,225,146,150,889,42725.0,4360000.0,131,20,251,147,183,0.0
1962.0,0,228,38,100.0,101,479,17,50,352,268085.0,44824144.0,533,106,627,252,13,0.0
2015.0,1,108,68,70.0,307,305,486,665,581,56720.0,1339152.0,700,172,646,690,232,
1972.0,1,102,93,93.0,296,210,159,636,115,38737.0,198809.0,700,172,646,690,232,
1998.0,2,80,93,73.0,139,595,322,241,177,37424.0,4065116.0,700,172,646,690,232,
1976.0,3,126,179,71.0,431,525,308,558,411,39889.0,1924733.0,700,172,646,690,232,
1957.0,4,110,137,,133,234,237,238,215,42940.0,752045.0,700,172,646,690,232,
2013.0,2,130,167,85.0,42,99,746,16,696,45002.0,1330596.0,700,172,646,690,232,
1953.0,0,131,52,85.0,180,650,110,654,262,54588.0,,700,172,646,690,232,
1967.0,1,105,129,,220,10,237,598,137,45434.0,39481.0,700,172,646,690,232,
2007.0,2,112,85,92.0,266,373,519,218,578,103284.0,5990075.0,700,172,646,690,232,
2004.0,2,97,162,56.0,80,245,235,357,468,57430.0,3635164.0,700,172,646,690,232,
1955.0,4,117,126,,180,567,804,641,145,61503.0,,700,172,646,690,232,
1959.0,4,99,122,,144,303,15,146,304,105291.0,,700,172,646,690,232,
2003.0,2,80,74,91.0,475,444,351,573,646,50622.0,7002255.0,700,172,646,690,232,
1960.0,4,90,158,90.0,165,486,27,429,23,27620.0,52709.0,700,172,646,690,232,
1987.0,4,109,24,68.0,405,432,149,255,642,236894.0,65207127.0,577,112,18,656,6,1.0
2006.0,1,141,4,89.0,84,353,434,838,776,154011.0,13756082.0,249,112,318,178,211,0.0
2014.0,3,140,122,92.0,31,16,195,718,892,49397.0,1092800.0,700,172,646,690,232,
1979.0,3,94,93,77.0,488,239,388,568,850,367250.0,20045115.0,700,172,646,690,232,
2012.0,0,127,47,79.0,33,576,307,4,840,580708.0,124987023.0,700,172,646,690,232,0.0
1944.0,4,97,182,78.0,22,588,392,866,908,26471.0,,700,172,646,690,232,
2002.0,3,109,122,82.0,297,466,60,645,562,42673.0,181655.0,700,172,646,690,232,
2016.0,0,118,85,69.0,150,166,582,720,836,213970.0,51739495.0,567,47,255,500,74,6.0
2006.0,1,101,100,80.0,252,618,737,833,301,439856.0,59891098.0,433,112,241,452,6,0.0
2019.0,0,135,172,91.0,171,549,206,236,234,143250.0,108101214.0,402,112,512,303,6,0.0
2019.0,0,135,172,91.0,171,549,206,236,234,143250.0,108101214.0,215,112,171,134,28,0.0
2019.0,0,135,172,91.0,171,549,206,236,234,143250.0,108101214.0,403,112,180,122,55,3.0
1998.0,4,107,17,66.0,175,290,162,605,380,535216.0,3897569.0,220,106,556,481,6,0.0
2017.0,4,137,28,77.0,208,259,612,158,99,647884.0,226277068.0,129,112,248,298,6,0.0
2017.0,4,137,28,77.0,208,259,612,158,99,647884.0,226277068.0,276,112,328,544,149,1.0
1998.0,1,81,132,77.0,503,215,568,301,670,188317.0,7267585.0,700,172,646,690,232,
2005.0,3,122,22,62.0,29,461,214,350,106,294140.0,24149632.0,33,39,111,183,174,0.0
1997.0,4,134,199,52.0,103,68,606,403,555,131101.0,3796699.0,133,34,39,100,6,0.0
2003.0,1,102,100,89.0,457,66,702,274,45,415074.0,44585453.0,590,142,458,210,97,0.0
1975.0,1,85,120,89.0,532,643,164,266,267,36037.0,,691,112,124,269,6,0.0
2017.0,1,94,71,62.0,116,260,179,368,749,50778.0,6735118.0,109,74,642,72,6,1.0
2006.0,3,110,22,53.0,375,333,72,590,559,299524.0,22494487.0,286,98,411,499,6,0.0
2008.0,3,114,123,82.0,504,368,477,649,326,205609.0,2122065.0,700,172,646,690,232,
1994.0,4,110,22,64.0,294,298,245,597,179,1035236.0,19501238.0,700,172,646,690,232,
1931.0,4,117,135,,146,478,198,319,681,143434.0,28877.0,700,172,646,690,232,
2016.0,0,184,90,,349,579,445,53,202,40416.0,1782795.0,450,45,321,18,198,0.0
1981.0,4,96,11,77.0,159,432,89,569,609,166588.0,12465371.0,700,172,646,690,232,
2015.0,1,120,11,90.0,159,605,112,604,935,882316.0,154058340.0,203,2,426,662,134,0.0
2009.0,3,129,129,79.0,56,263,820,374,384,52758.0,547292.0,700,172,646,690,232,
1999.0,3,188,137,77.0,376,602,342,423,705,289742.0,22455976.0,480,112,121,231,55,3.0
1989.0,0,103,68,83.0,179,364,558,681,473,124193.0,,700,172,646,690,232,
1992.0,0,202,87,73.0,459,165,40,185,824,85819.0,48169908.0,49,142,465,281,11,2.0
2004.0,1,146,22,47.0,508,165,133,159,718,329592.0,77911774.0,1,25,353,5,186,0.0
2004.0,1,146,22,47.0,508,165,133,159,718,329592.0,77911774.0,0,85,166,215,149,0.0
2018.0,4,121,122,93.0,184,389,690,461,613,62754.0,3313513.0,700,172,646,690,232,
2016.0,1,137,137,96.0,275,105,551,473,557,246963.0,47695120.0,370,112,383,30,6,0.0
2013.0,4,87,182,73.0,544,380,199,272,640,40382.0,144501.0,700,172,646,690,232,
1979.0,3,96,105,83.0,532,643,164,527,626,131436.0,45700000.0,692,112,545,266,6,2.0
2014.0,0,126,85,74.0,13,294,70,505,563,77554.0,2086345.0,700,172,646,690,232,
2019.0,0,137,105,94.0,360,4,702,420,70,246644.0,2000000.0,700,172,646,690,232,
1964.0,0,139,109,88.0,423,338,168,179,293,158029.0,102272727.0,61,112,631,619,6,0.0
2009.0,4,92,74,,5,607,626,220,74,164462.0,,8,1,396,318,179,0.0
2005.0,3,124,174,72.0,532,550,407,217,605,206294.0,23089926.0,691,104,460,54,6,1.0
2015.0,2,105,100,74.0,21,596,634,617,664,123210.0,6743776.0,301,112,527,224,6,0.0
2000.0,1,113,199,80.0,83,244,103,383,583,1125712.0,25544867.0,103,112,606,369,6,2.0
1927.0,4,153,176,98.0,146,87,25,286,765,159992.0,1236166.0,467,62,646,57,212,0.0
1969.0,4,113,137,79.0,246,174,405,795,431,101124.0,44785053.0,666,112,134,271,79,0.0
1978.0,4,121,84,59.0,12,79,305,88,683,73662.0,35000000.0,465,106,244,118,173,0.0
2011.0,2,96,111,81.0,532,469,635,448,515,388089.0,56816662.0,700,172,646,690,232,0.0
1990.0,3,115,132,66.0,231,200,241,13,437,125822.0,5080409.0,314,112,36,107,85,0.0
2004.0,1,132,178,86.0,84,255,138,590,381,635975.0,100492203.0,473,112,298,642,78,0.0
1995.0,0,111,77,75.0,541,647,309,801,807,51943.0,,700,172,646,690,232,
2002.0,4,145,23,80.0,470,602,141,746,610,508417.0,132072926.0,568,112,128,532,166,1.0
2019.0,2,132,137,,323,43,588,188,139,33935.0,,700,172,646,690,232,
1947.0,4,96,101,88.0,162,177,525,401,281,41625.0,2650000.0,657,112,150,536,10,0.0
1990.0,3,107,179,75.0,413,277,431,689,265,184740.0,61276872.0,608,112,258,92,6,0.0
2018.0,1,147,12,86.0,81,602,288,859,814,291257.0,220159104.0,73,122,483,399,28,1.0
1988.0,4,128,125,65.0,12,223,815,239,100,88214.0,34603943.0,93,112,501,372,6,0.0
2016.0,0,107,67,81.0,432,324,174,136,62,272784.0,248757044.0,285,112,475,253,28,2.0
1936.0,0,87,101,96.0,74,111,620,300,863,217881.0,163245.0,700,172,646,690,232,
2014.0,3,139,137,74.0,533,35,52,793,687,50700.0,3492754.0,693,7,411,288,185,0.0
2011.0,2,133,90,87.0,46,80,666,408,705,369529.0,75605492.0,700,172,646,690,232,0.0
1997.0,0,134,62,76.0,179,651,831,884,91,343171.0,2375308.0,700,172,646,690,232,
2001.0,0,92,67,79.0,380,158,467,86,424,815505.0,289916256.0,483,112,471,610,6,0.0
1975.0,1,91,42,91.0,487,594,271,391,248,500875.0,1229197.0,210,87,149,427,47,0.0
2009.0,3,97,169,67.0,118,540,444,197,762,335152.0,5009677.0,157,106,201,467,149,0.0
2009.0,3,97,169,67.0,118,540,444,197,762,335152.0,5009677.0,71,87,593,418,6,0.0
2012.0,4,94,105,84.0,524,288,424,100,86,318789.0,45512466.0,700,172,646,690,232,0.0
2002.0,1,101,22,75.0,28,11,39,834,50,117857.0,169659.0,700,172,646,690,232,
2009.0,3,141,147,63.0,197,289,701,192,544,216421.0,3600.0,258,4,411,378,117,0.0
1939.0,4,129,100,73.0,140,282,347,148,222,107017.0,9600000.0,700,172,646,690,232,
1998.0,0,88,69,71.0,506,56,559,205,71,256906.0,120620254.0,524,121,349,603,112,2.0
1998.0,0,88,69,71.0,506,56,559,205,71,256906.0,120620254.0,534,112,646,618,112,1.0
2001.0,3,147,170,85.0,103,457,455,433,388,322031.0,7220243.0,700,172,646,690,232,
2003.0,0,156,104,,394,547,58,279,835,73992.0,,659,45,420,595,198,0.0
2015.0,2,97,137,83.0,111,246,172,839,233,35785.0,845464.0,149,24,311,82,229,1.0
1992.0,1,120,94,68.0,255,313,506,671,643,107325.0,52929168.0,110,112,216,547,6,0.0
1964.0,0,170,140,95.0,157,50,651,783,906,86525.0,72000000.0,19,112,560,621,6,0.0
1989.0,0,103,85,97.0,228,146,84,20,511,68076.0,14743391.0,700,172,646,690,232,
2010.0,1,165,137,50.0,270,556,423,769,486,98575.0,4018695.0,580,46,237,160,199,0.0
2004.0,3,105,137,73.0,169,82,409,212,149,65939.0,697181.0,213,146,31,40,6,0.0
2003.0,4,138,129,84.0,84,553,766,457,244,419420.0,90135191.0,72,113,203,663,6,0.0
2009.0,3,152,129,76.0,356,440,590,226,530,208994.0,10095170.0,700,172,646,690,232,
1993.0,4,132,100,84.0,339,159,475,449,299,34635.0,1769305.0,445,87,22,504,6,1.0
2013.0,1,115,40,87.0,19,91,813,430,95,112298.0,17654912.0,700,172,646,690,232,0.0
2009.0,4,128,30,,291,198,536,316,73,31838.0,,700,172,646,690,232,
2017.0,3,127,137,86.0,31,421,20,549,580,29765.0,566356.0,700,172,646,690,232,
1976.0,1,121,137,83.0,456,206,817,651,748,144911.0,,468,112,129,322,6,0.0
1968.0,4,96,196,89.0,156,173,413,442,579,116557.0,89029.0,317,112,230,258,6,0.0
1968.0,4,96,196,89.0,156,173,413,442,579,116557.0,89029.0,317,112,26,1,6,0.0
1991.0,3,129,100,68.0,227,641,250,502,14,55362.0,2015810.0,305,93,117,265,42,0.0
2014.0,4,117,132,76.0,92,276,649,83,747,466134.0,32381218.0,117,112,160,69,6,1.0
2007.0,3,122,132,91.0,127,315,778,354,447,856916.0,74283625.0,313,112,387,409,149,0.0
2001.0,3,98,107,84.0,94,84,648,233,286,44618.0,1059830.0,16,29,646,96,183,0.0
2001.0,3,98,107,84.0,94,84,648,233,286,44618.0,1059830.0,122,21,544,370,2,0.0
2001.0,3,98,107,84.0,94,84,648,233,286,44618.0,1059830.0,152,112,371,372,6,0.0
2001.0,3,98,107,84.0,94,84,648,233,286,44618.0,1059830.0,260,66,646,308,149,0.0
2001.0,3,98,107,84.0,94,84,648,233,286,44618.0,1059830.0,209,59,497,111,205,0.0
1959.0,0,136,59,98.0,22,104,217,339,404,299198.0,13275000.0,700,172,646,690,232,
1922.0,4,94,187,,129,428,22,287,302,88794.0,,535,158,177,208,64,0.0
1922.0,4,94,187,,129,428,22,287,302,88794.0,,177,112,646,60,6,0.0
1946.0,0,102,151,100.0,22,104,303,148,554,92306.0,10464000.0,510,112,432,226,6,0.0
2000.0,3,114,132,80.0,130,500,248,278,599,49721.0,1221261.0,700,172,646,690,232,
1988.0,0,155,172,80.0,167,485,209,51,345,230763.0,11990401.0,700,172,646,690,232,
2000.0,0,107,39,69.0,231,200,257,404,861,286742.0,45512588.0,239,95,186,518,6,2.0
2012.0,0,125,102,,513,471,8,581,566,51739.0,923221.0,700,172,646,690,232,
2001.0,1,116,136,74.0,469,229,81,422,603,516372.0,183417150.0,202,112,29,663,89,0.0
2001.0,1,116,136,74.0,469,229,81,422,603,516372.0,183417150.0,231,112,194,631,6,0.0
1999.0,1,108,86,71.0,229,276,118,476,153,82855.0,32481825.0,238,112,464,561,6,0.0
1999.0,3,89,93,68.0,338,526,359,177,9,241575.0,10824921.0,444,112,45,527,6,0.0
2008.0,2,130,162,68.0,542,422,685,837,490,48582.0,1498210.0,700,172,646,690,232,
2003.0,4,101,27,77.0,73,120,827,438,503,515451.0,707481.0,700,172,646,690,232,
1991.0,0,118,79,90.0,192,447,782,880,614,27071.0,453243.0,700,172,646,690,232,
2014.0,0,103,77,72.0,211,256,699,443,653,32798.0,765127.0,700,172,646,690,232,
1981.0,1,109,137,68.0,308,346,289,344,216,27650.0,119285432.0,173,112,552,261,6,0.0
1954.0,4,108,132,91.0,122,417,427,484,752,142107.0,9600000.0,700,172,646,690,232,
2007.0,3,86,165,88.0,235,236,508,309,288,110656.0,9439923.0,323,56,632,446,24,0.0
1984.0,4,229,122,,449,514,330,214,873,311365.0,5321508.0,232,61,165,491,83,0.0
1968.0,0,165,201,80.0,449,252,109,149,378,302844.0,5321508.0,576,61,412,430,206,0.0
2019.0,4,161,100,83.0,391,382,81,524,241,551309.0,142502728.0,501,155,163,117,92,0.0
1994.0,4,102,122,77.0,287,499,758,516,459,31590.0,2201126.0,525,69,75,142,115,0.0
2003.0,4,113,137,61.0,337,29,287,285,543,35682.0,15280.0,700,172,646,690,232,
1975.0,4,133,137,83.0,342,273,482,562,699,918088.0,112000000.0,386,112,450,194,6,0.0
2017.0,1,134,16,72.0,257,332,556,358,393,58371.0,18340051.0,380,112,300,344,6,0.0
2017.0,1,134,16,72.0,257,332,556,358,393,58371.0,18340051.0,574,112,480,116,6,0.0
1980.0,0,124,137,86.0,421,171,516,417,862,47099.0,54800000.0,360,112,354,406,6,0.0
1947.0,4,97,124,,199,517,336,462,735,32784.0,,443,112,646,690,6,0.0
2014.0,1,153,104,,394,0,55,749,97,163061.0,10616104.0,504,45,488,431,198,0.0
2012.0,1,135,15,,494,267,496,667,324,33237.0,39567.0,563,45,646,555,198,0.0
2017.0,0,103,41,88.0,374,60,296,306,780,61594.0,40442052.0,474,30,341,475,6,3.0
2006.0,1,118,148,98.0,172,270,56,765,577,618623.0,37634615.0,219,67,222,484,223,0.0
1973.0,0,102,95,77.0,381,534,756,513,426,42285.0,30933743.0,309,112,641,486,6,0.0
1973.0,3,151,84,58.0,143,574,181,852,209,121627.0,53267000.0,3,124,94,154,149,0.0
1973.0,3,151,84,58.0,143,574,181,852,209,121627.0,53267000.0,112,34,557,287,149,1.0
2006.0,0,90,78,81.0,443,431,788,450,878,71379.0,881302.0,700,172,646,690,232,
1984.0,0,145,137,78.0,528,250,575,182,64,91188.0,2181987.0,378,169,386,439,149,0.0
1957.0,4,88,182,90.0,463,362,639,5,284,178092.0,,700,172,646,690,232,
1970.0,0,172,92,91.0,143,228,427,787,628,93741.0,61700000.0,187,112,130,526,57,0.0
1960.0,4,101,161,,332,345,43,585,611,31354.0,83957.0,396,87,436,333,6,0.0
1965.0,0,132,201,74.0,449,135,468,269,570,232772.0,15000000.0,700,172,646,690,232,
1964.0,4,99,32,65.0,449,135,263,526,913,198219.0,14500000.0,700,172,646,690,232,
2016.0,4,96,100,,370,235,42,521,221,57168.0,,700,172,646,690,232,
2007.0,2,96,72,90.0,517,413,115,116,279,88656.0,4445756.0,413,34,646,2,188,1.0
1966.0,4,85,179,86.0,190,65,479,523,303,103191.0,,246,81,250,8,225,1.0
1993.0,1,125,137,66.0,253,604,160,710,118,224169.0,77324422.0,551,112,254,521,6,0.0
2013.0,2,98,83,77.0,467,336,738,782,572,94212.0,37707719.0,612,95,340,502,6,4.0
2016.0,1,136,179,,34,581,30,463,36,39216.0,1241223.0,700,172,646,690,232,
1982.0,1,95,145,47.0,12,74,128,338,229,76081.0,22244207.0,548,87,524,328,6,0.0
2003.0,1,143,6,63.0,168,327,255,623,492,1015122.0,305413918.0,628,112,514,604,6,5.0
1987.0,0,93,100,72.0,240,573,385,474,625,124773.0,49530280.0,330,112,85,385,6,0.0
1968.0,0,112,60,79.0,143,115,669,460,607,165167.0,33395426.0,440,112,355,11,6,2.0
1968.0,0,112,60,79.0,143,115,669,460,607,165167.0,33395426.0,497,112,355,551,6,2.0
1986.0,4,120,182,92.0,364,113,771,871,493,381222.0,138530565.0,464,152,467,247,175,0.0
2019.0,3,122,172,95.0,89,464,3,511,881,63134.0,3759854.0,700,172,646,690,232,
1987.0,4,107,11,45.0,245,45,101,458,238,371387.0,59735548.0,308,144,320,539,161,1.0
2014.0,3,119,83,79.0,321,67,302,196,682,51841.0,,601,95,448,415,178,0.0
2014.0,3,119,83,79.0,321,67,302,196,682,51841.0,,373,38,431,105,6,0.0
2005.0,1,129,172,82.0,230,350,524,97,210,258924.0,38405088.0,148,95,155,586,6,4.0
1996.0,4,129,129,47.0,170,506,456,209,428,189716.0,56116183.0,676,112,158,394,149,1.0
2013.0,4,153,129,70.0,110,259,323,860,616,601149.0,61002302.0,2,112,173,21,6,1.0
1960.0,4,109,194,97.0,22,38,339,848,422,604211.0,32000000.0,531,112,469,575,6,0.0
1960.0,4,109,194,97.0,22,38,339,848,422,604211.0,32000000.0,355,112,481,24,6,4.0
1994.0,4,154,122,94.0,391,325,791,748,111,1826188.0,107928762.0,502,112,7,337,152,0.0
1997.0,4,81,76,,443,340,652,773,600,58192.0,776665.0,700,172,646,690,232,
2013.0,1,146,40,,515,344,637,501,390,60701.0,1429534.0,700,172,646,690,232,
2018.0,1,138,30,,322,17,794,668,811,25344.0,,700,172,646,690,232,
1980.0,4,129,90,89.0,313,514,107,384,269,321860.0,23383987.0,261,112,290,97,6,0.0
1981.0,4,115,0,85.0,470,249,426,637,433,884112.0,248159971.0,388,112,536,386,67,0.0
1988.0,0,133,137,65.0,44,174,772,845,287,473064.0,178800000.0,53,112,518,560,79,0.0
1985.0,0,162,31,96.0,9,591,7,375,174,112505.0,4135750.0,13,63,294,239,210,0.0
2006.0,1,167,95,,396,0,725,775,805,111937.0,2197331.0,511,45,425,428,198,1.0
1950.0,4,88,129,98.0,9,611,484,544,842,152572.0,96568.0,700,172,646,690,232,
2007.0,0,111,67,96.0,58,285,80,507,690,641645.0,206445654.0,69,112,471,610,28,0.0
2004.0,4,152,88,73.0,480,284,647,456,163,138356.0,75331600.0,626,112,86,570,6,0.0
1954.0,0,112,199,100.0,22,282,270,868,854,444074.0,36764313.0,700,172,646,690,232,
1940.0,4,130,168,86.0,22,374,378,264,454,123942.0,4360000.0,282,106,285,358,6,1.0
1955.0,2,111,137,89.0,353,279,577,739,406,83363.0,,700,172,646,690,232,
1948.0,4,133,4,,187,46,401,588,413,28167.0,,700,172,646,690,232,
2014.0,3,122,106,77.0,91,152,517,593,200,177059.0,3107072.0,700,172,646,690,232,
2000.0,0,113,90,48.0,51,165,814,876,775,198089.0,115654751.0,214,112,179,605,6,0.0
1965.0,4,105,161,91.0,431,107,299,393,924,48883.0,,549,87,598,144,6,1.0
2000.0,4,102,137,68.0,97,187,341,363,590,766870.0,3635482.0,242,112,172,47,6,1.0
1992.0,3,99,132,79.0,391,251,767,567,154,918562.0,2832029.0,502,112,32,297,6,0.0
1959.0,4,141,32,93.0,187,326,156,694,42,56305.0,12535000.0,700,172,646,690,232,
2002.0,4,117,132,72.0,438,604,787,696,536,246840.0,104454762.0,427,112,274,176,6,0.0
2011.0,1,159,163,,189,497,573,768,514,39501.0,985912.0,245,45,479,460,198,0.0
1976.0,0,120,178,70.0,239,580,752,105,127,518546.0,117235247.0,623,112,12,97,156,0.0
1976.0,0,120,178,70.0,239,580,752,105,127,518546.0,117235247.0,59,45,395,355,198,0.0
2016.0,1,133,11,65.0,148,207,169,12,213,556608.0,532177324.0,700,172,646,690,232,
2018.0,3,135,137,96.0,20,644,502,194,130,140375.0,,179,59,497,557,208,1.0
1953.0,4,118,119,78.0,526,240,62,204,317,127256.0,,700,172,646,690,232,
2015.0,3,118,179,86.0,289,86,320,760,901,371538.0,14677674.0,377,112,77,83,6,0.0
2015.0,3,118,179,86.0,289,86,320,760,901,371538.0,14677674.0,165,51,66,181,6,0.0
1948.0,4,80,129,73.0,22,282,389,229,198,129783.0,,700,172,646,690,232,
1968.0,4,137,158,96.0,431,433,386,728,813,193674.0,,247,112,187,676,6,0.0
1979.0,0,100,69,71.0,179,646,192,465,567,27014.0,,700,172,646,690,232,
2013.0,1,123,16,74.0,433,144,120,618,22,432811.0,26947624.0,700,172,646,690,232,0.0
2013.0,1,123,16,74.0,433,144,120,618,22,432811.0,26947624.0,375,112,594,331,6,0.0
1998.0,1,93,105,86.0,524,292,76,619,803,169229.0,17105219.0,669,112,440,512,158,0.0
1954.0,4,113,105,72.0,49,262,62,874,895,59415.0,,562,38,513,336,28,2.0
2003.0,1,131,129,82.0,56,343,449,715,358,139558.0,14131.0,700,172,646,690,232,
1962.0,0,96,17,,9,611,755,451,928,33044.0,,558,62,602,508,210,0.0
1998.0,3,169,182,91.0,470,604,521,831,223,1235804.0,216540909.0,537,112,184,174,35,0.0
2004.0,1,103,194,46.0,212,103,469,170,494,379020.0,56000369.0,395,112,352,552,6,0.0
1983.0,4,170,122,65.0,60,9,549,789,596,740911.0,45598982.0,466,112,37,580,149,0.0
1932.0,1,93,22,87.0,187,508,618,37,475,25312.0,,700,172,646,690,232,
1992.0,1,156,137,59.0,309,9,121,340,272,263918.0,63895607.0,208,58,497,158,205,2.0
1992.0,1,156,137,59.0,309,9,121,340,272,263918.0,63895607.0,207,112,226,571,6,0.0
1993.0,4,195,87,94.0,470,386,638,73,132,1213505.0,96898818.0,635,112,76,564,71,0.0
1995.0,4,127,129,65.0,100,453,81,459,38,1445096.0,100125643.0,32,112,453,46,6,1.0
2018.0,1,102,170,71.0,32,319,158,414,630,140840.0,26020957.0,36,150,646,451,6,0.0
1996.0,0,136,100,91.0,339,601,83,658,161,37564.0,13417292.0,445,90,327,101,6,5.0
2001.0,0,125,69,96.0,179,153,742,583,768,651376.0,10055859.0,700,172,646,690,232,
1995.0,0,136,172,84.0,33,196,428,337,868,102598.0,43182776.0,281,106,221,131,28,0.0
1962.0,4,133,27,85.0,316,591,6,771,853,42004.0,,700,172,646,690,232,
2011.0,4,101,36,73.0,149,265,34,678,214,190531.0,4105123.0,700,172,646,690,232,
2014.0,4,150,24,71.0,149,265,824,56,674,114316.0,2625803.0,700,172,646,690,232,
2005.0,2,119,11,74.0,262,460,264,128,15,283310.0,25514517.0,614,106,392,64,28,0.0
2005.0,2,119,11,74.0,262,460,264,128,15,283310.0,25514517.0,357,112,198,566,112,0.0
1973.0,4,130,84,87.0,456,9,398,328,84,109941.0,29800000.0,488,141,365,48,91,2.0
2008.0,1,123,137,36.0,147,635,677,877,621,286770.0,69951824.0,212,112,461,135,149,0.0
1943.0,1,108,191,94.0,22,593,408,512,328,59556.0,,700,172,646,690,232,
2004.0,1,99,112,76.0,119,566,579,444,558,512249.0,13542874.0,589,95,585,586,6,3.0
2009.0,2,128,9,57.0,175,516,412,665,587,583158.0,209028679.0,439,130,115,665,28,2.0
1924.0,4,45,20,,65,97,430,382,253,41985.0,977375.0,700,172,646,690,232,
1954.0,0,207,4,98.0,9,611,748,452,921,315744.0,269061.0,700,172,646,690,232,
1997.0,1,87,64,,183,348,530,555,927,38847.0,,700,172,646,690,232,
1996.0,0,105,88,87.0,444,227,57,432,821,51350.0,35811509.0,280,1,573,52,179,0.0
1996.0,0,105,88,87.0,444,227,57,432,821,51350.0,35811509.0,41,106,371,0,6,0.0
1975.0,0,204,2,,397,548,163,22,31,51284.0,,287,45,82,354,198,0.0
1993.0,3,188,100,79.0,415,28,415,824,109,42275.0,6110979.0,508,112,116,203,6,1.0
2013.0,3,96,137,82.0,113,86,234,394,470,81770.0,1010414.0,150,112,133,38,149,0.0
2001.0,0,90,67,84.0,26,620,553,205,124,613941.0,267665011.0,687,112,263,170,6,0.0
2010.0,4,138,199,63.0,313,382,203,531,79,1129894.0,128012934.0,379,112,463,393,52,0.0
2015.0,4,121,22,82.0,110,193,410,75,440,371291.0,46889293.0,144,167,142,150,223,0.0
2015.0,4,121,22,82.0,110,193,410,75,440,371291.0,46889293.0,627,145,223,293,162,3.0
2012.0,4,122,105,81.0,106,81,363,701,356,661871.0,132092958.0,700,172,646,690,232,0.0
2005.0,4,124,136,74.0,142,491,661,576,164,738512.0,74103820.0,190,112,77,163,6,0.0
2016.0,2,106,103,79.0,235,208,4,525,353,85109.0,3237118.0,587,55,554,148,44,0.0
1952.0,0,103,116,99.0,461,224,253,200,187,218957.0,8819028.0,700,172,646,690,232,
2012.0,1,143,12,81.0,438,145,344,595,453,630614.0,304360277.0,700,172,646,690,232,0.0
1996.0,1,147,132,49.0,44,514,443,93,377,186734.0,49100000.0,401,112,232,49,6,1.0
1972.0,1,138,199,,258,374,539,15,430,44748.0,4081254.0,43,106,612,466,6,0.0
1972.0,1,138,199,,258,374,539,15,430,44748.0,4081254.0,42,106,71,376,79,4.0
1996.0,3,135,137,84.0,48,69,182,326,434,86838.0,24475416.0,62,112,96,342,6,0.0
2008.0,1,120,172,84.0,95,393,161,250,795,798882.0,141319928.0,586,97,424,455,73,0.0
1957.0,0,91,172,88.0,190,622,75,320,303,96381.0,,700,172,646,690,232,
2000.0,1,104,94,55.0,175,293,81,75,191,782001.0,30328156.0,220,106,286,450,134,0.0
2000.0,1,104,94,55.0,175,293,81,75,191,782001.0,30328156.0,542,58,462,457,205,0.0
1972.0,1,167,169,90.0,25,459,176,436,893,81021.0,,593,77,50,349,218,0.0
1972.0,1,167,169,90.0,25,459,176,436,893,81021.0,,594,112,301,540,6,0.0
1959.0,0,121,115,98.0,49,410,780,329,285,243943.0,25000000.0,694,11,646,690,213,0.0
2014.0,1,93,68,85.0,505,157,85,500,259,51679.0,857524.0,671,52,147,88,77,1.0
2020.0,0,153,137,,472,577,490,630,55,54995.0,,619,45,378,3,227,0.0
2020.0,0,100,67,83.0,380,352,331,825,298,159171.0,,484,112,630,610,105,0.0
2019.0,3,120,162,81.0,96,511,598,642,524,27187.0,,700,172,646,690,232,
1999.0,4,81,75,73.0,510,612,522,537,346,192112.0,52037603.0,651,112,646,403,6,1.0
1960.0,4,197,38,87.0,463,362,461,356,143,124339.0,30000000.0,656,77,646,348,216,0.0
1960.0,4,197,38,87.0,463,362,461,356,143,124339.0,30000000.0,111,112,289,77,6,0.0
2013.0,1,144,132,,349,8,54,519,408,51069.0,1079369.0,700,172,646,690,232,
2018.0,0,117,62,87.0,55,480,670,767,359,375110.0,190241310.0,495,10,646,128,149,0.0
1988.0,4,107,199,,163,62,251,387,306,33982.0,,700,172,646,690,232,
2015.0,4,129,84,93.0,502,415,542,665,538,420316.0,45055776.0,356,112,23,412,6,0.0
1939.0,4,96,54,93.0,237,326,135,33,418,43621.0,,353,112,143,541,6,0.0
1953.0,4,120,107,84.0,49,637,175,625,751,51046.0,,700,172,646,690,232,
1979.0,0,162,176,,25,19,19,28,667,116945.0,234723.0,47,77,575,351,216,0.0
1986.0,0,89,46,75.0,413,634,655,153,400,363401.0,52287414.0,606,112,211,113,6,1.0
2009.0,1,127,11,82.0,195,123,834,778,533,577336.0,257730019.0,544,130,623,400,6,0.0
1982.0,0,113,11,67.0,352,640,473,181,363,112704.0,78912963.0,195,112,268,382,6,0.0
2013.0,1,132,11,72.0,195,123,834,889,81,463188.0,228778661.0,543,112,587,397,103,1.0
1977.0,1,121,6,90.0,158,414,280,110,19,1231473.0,322740140.0,700,172,646,690,232,
1980.0,1,124,6,82.0,191,414,280,110,92,1159315.0,290475067.0,392,112,283,299,6,0.0
1983.0,0,131,6,58.0,409,414,280,110,92,950470.0,309125409.0,387,112,403,299,102,4.0
2015.0,0,138,11,80.0,195,141,384,624,205,860823.0,936662225.0,389,152,542,300,6,5.0
2007.0,0,127,55,66.0,320,112,134,776,341,255036.0,38634938.0,95,88,604,445,6,0.0
2007.0,0,127,55,66.0,320,112,134,776,341,255036.0,38634938.0,507,87,273,235,6,1.0
2007.0,0,127,55,66.0,320,112,134,776,341,255036.0,38634938.0,284,108,148,388,6,0.0
2015.0,3,147,87,72.0,128,465,144,352,663,179264.0,161197785.0,346,142,371,579,6,1.0
1951.0,4,101,134,88.0,22,205,664,729,531,123341.0,7630000.0,700,172,646,690,232,
1927.0,4,94,172,,129,231,338,522,96,46865.0,539540.0,700,172,646,690,232,
1950.0,4,110,149,,49,637,269,222,655,201632.0,,700,172,646,690,232,
2004.0,0,210,137,,43,556,249,464,817,83005.0,1223240.0,700,172,646,690,232,
1957.0,4,96,149,100.0,18,96,780,792,593,28137.0,,700,172,646,690,232,
2008.0,3,124,137,67.0,77,484,694,575,136,83158.0,3081925.0,89,112,526,461,52,0.0
2007.0,0,165,138,,0,22,151,0,864,168895.0,1223869.0,700,172,646,690,232,
2004.0,3,140,31,64.0,214,287,820,224,338,37820.0,1111061.0,700,172,646,690,232,
2008.0,4,90,36,51.0,388,386,494,228,528,564791.0,145000989.0,404,33,323,188,29,0.0
2015.0,1,132,129,,322,267,450,601,818,31142.0,342370.0,700,172,646,690,232,
2010.0,0,100,67,71.0,348,98,498,885,211,405922.0,200821936.0,116,142,438,616,52,1.0
1976.0,4,114,122,94.0,313,514,381,157,16,724636.0,28262574.0,478,112,43,115,149,4.0
1963.0,4,143,129,,9,611,832,809,517,34357.0,,700,172,646,690,232,
1986.0,0,125,68,78.0,179,430,436,468,639,150140.0,,700,172,646,690,232,
1991.0,0,137,34,75.0,202,45,478,207,750,995506.0,204843350.0,266,127,89,87,149,0.0
1935.0,4,86,135,93.0,22,515,487,509,294,51853.0,,700,172,646,690,232,
1938.0,1,102,10,97.0,329,638,213,620,75,47175.0,3981000.0,700,172,646,690,232,
1951.0,1,105,50,91.0,241,262,429,706,700,71481.0,536118.0,700,172,646,690,232,
1960.0,0,125,105,94.0,49,272,717,248,728,164363.0,18600000.0,64,112,381,494,6,0.0
1960.0,0,125,105,94.0,49,272,717,248,728,164363.0,18600000.0,205,28,503,94,187,0.0
2011.0,0,100,105,89.0,335,296,96,395,362,230624.0,44671682.0,700,172,646,690,232,0.0
2012.0,1,143,11,69.0,262,516,119,755,398,1260806.0,623279547.0,621,112,486,640,6,0.0
2012.0,1,143,11,69.0,262,516,119,755,398,1260806.0,623279547.0,358,112,213,313,134,1.0
1946.0,4,170,175,93.0,526,456,146,249,849,57259.0,23650000.0,700,172,646,690,232,
1998.0,3,117,98,71.0,231,200,354,395,463,732620.0,17498804.0,176,106,548,424,62,0.0
2015.0,4,130,83,81.0,6,128,737,730,101,362942.0,70259870.0,88,112,431,391,6,0.0
1946.0,4,114,133,,187,262,458,402,591,78796.0,6540000.0,441,106,344,677,6,0.0
1963.0,4,119,159,90.0,22,521,769,371,838,171739.0,11403529.0,124,112,42,25,106,1.0
2009.0,1,129,90,53.0,244,492,696,823,357,293266.0,255959475.0,336,112,72,20,6,0.0
1980.0,0,133,2,60.0,242,316,145,106,417,183182.0,57229890.0,115,112,9,569,6,0.0
1999.0,3,108,24,44.0,511,636,706,611,185,227143.0,25812.0,652,116,175,227,159,0.0
2002.0,1,119,33,68.0,117,215,521,132,164,508771.0,121661683.0,649,131,423,588,36,0.0
2004.0,4,108,33,73.0,372,424,233,377,103,434841.0,176241941.0,536,133,267,583,137,0.0
2007.0,1,115,33,85.0,372,424,184,377,458,604694.0,227471070.0,648,132,377,582,136,0.0
2008.0,2,94,157,55.0,306,47,155,724,929,190748.0,9030581.0,700,172,646,690,232,
1985.0,1,97,100,66.0,240,192,411,586,27,357026.0,45875171.0,330,112,380,562,6,0.0
1957.0,1,161,53,87.0,101,637,17,327,801,203463.0,44908000.0,700,172,646,690,232,
1995.0,4,135,172,69.0,84,135,535,44,885,73172.0,71516617.0,519,112,500,624,6,1.0
2012.0,4,111,165,70.0,134,619,383,603,278,39379.0,175058.0,316,5,112,320,182,1.0
2004.0,0,113,177,30.0,124,271,61,26,617,451479.0,57938693.0,253,116,406,62,6,0.0
1928.0,4,72,119,90.0,74,111,533,10,315,30205.0,,700,172,646,690,232,
1985.0,0,154,137,78.0,470,151,810,622,573,78321.0,98467863.0,431,112,540,625,6,11.0
1985.0,0,154,137,78.0,470,151,810,622,573,78321.0,98467863.0,409,112,324,31,6,1.0
1974.0,0,113,170,85.0,137,223,387,21,271,98611.0,4420000.0,186,112,58,487,6,3.0
2002.0,2,131,4,61.0,279,309,274,137,350,129022.0,54234062.0,24,53,105,515,6,0.0
2008.0,1,166,147,70.0,100,80,105,821,456,589160.0,127509326.0,171,112,622,652,135,0.0
2008.0,1,152,22,84.0,83,128,283,1,620,2303232.0,534858444.0,349,152,158,644,112,0.0
2012.0,1,164,0,78.0,83,128,774,43,274,1516346.0,448139099.0,700,172,646,690,232,0.0
1973.0,4,143,132,80.0,145,180,759,571,13,37445.0,16056255.0,192,90,350,273,80,1.0
1951.0,0,92,176,,425,441,608,308,782,76315.0,,142,116,639,528,112,0.0
1978.0,4,183,182,86.0,328,514,133,390,435,311361.0,48979328.0,435,152,559,179,177,0.0
2006.0,4,151,132,85.0,313,382,521,330,588,1189773.0,132384315.0,678,136,507,653,16,0.0
1967.0,4,150,13,73.0,414,376,211,120,419,67183.0,45300000.0,462,106,67,327,59,0.0
1980.0,1,124,85,78.0,103,37,393,41,423,220078.0,,96,152,127,74,28,8.0
1973.0,4,122,192,81.0,525,187,526,496,526,362393.0,232906145.0,679,112,416,639,108,0.0
2006.0,3,117,47,64.0,478,377,108,435,505,107290.0,2280348.0,118,151,611,236,133,0.0
2014.0,1,126,172,69.0,260,559,49,596,523,344312.0,124872350.0,570,112,61,216,6,0.0
1997.0,1,126,11,52.0,294,93,557,256,340,434125.0,63540020.0,404,30,502,229,167,1.0
2010.0,1,116,90,79.0,106,416,124,24,616,340584.0,93617009.0,572,112,374,110,6,0.0
2017.0,4,111,137,92.0,445,89,86,871,159,95181.0,5904366.0,573,112,379,149,160,1.0
1971.0,4,104,22,94.0,525,223,678,231,872,110075.0,15630710.0,174,112,162,548,41,0.0
1993.0,0,130,22,87.0,27,249,778,764,463,267684.0,183875760.0,291,112,120,641,128,0.0
1997.0,1,129,27,61.0,100,437,157,761,369,345096.0,48323648.0,673,112,441,459,6,0.0
1997.0,1,129,27,61.0,100,437,157,761,369,345096.0,48323648.0,320,112,239,423,17,0.0
1926.0,4,67,2,,85,97,95,529,292,81156.0,1033895.0,319,102,205,70,6,0.0
2019.0,4,113,17,51.0,175,426,111,574,399,237392.0,,221,152,225,444,140,0.0
2011.0,3,158,129,71.0,100,145,673,142,826,423010.0,102515793.0,617,84,296,130,166,0.0
2011.0,3,158,129,71.0,100,145,673,142,826,423010.0,102515793.0,457,82,574,684,225,0.0
1972.0,4,175,122,100.0,137,417,9,335,194,1620367.0,134966411.0,412,112,247,383,87,0.0
1974.0,4,202,122,90.0,137,9,656,703,194,1129952.0,57300000.0,700,172,646,690,232,
1990.0,4,162,122,60.0,137,9,164,34,844,359809.0,66666062.0,700,172,646,690,232,
1925.0,4,95,40,,74,111,485,829,327,101053.0,5450000.0,700,172,646,690,232,
1985.0,0,114,41,62.0,405,551,410,359,166,244430.0,61503218.0,92,112,139,623,151,0.0
1967.0,4,106,105,83.0,341,174,44,447,909,253676.0,104945305.0,77,112,35,284,6,0.0
2014.0,1,99,39,88.0,524,495,221,545,4,707630.0,59100318.0,600,130,280,225,34,0.0
1940.0,4,129,152,96.0,237,252,335,389,146,85559.0,55000.0,700,172,646,690,232,
1940.0,4,125,107,,74,111,620,331,730,203150.0,288475.0,700,172,646,690,232,
1963.0,0,172,48,86.0,248,574,326,684,140,224730.0,12100000.0,470,112,253,493,58,1.0
1999.0,4,189,123,61.0,141,604,540,178,98,1147794.0,136801374.0,605,112,578,90,28,4.0
2009.0,1,100,93,73.0,499,652,82,431,218,717559.0,277322503.0,345,130,131,643,6,1.0
2015.0,4,168,129,68.0,391,545,452,364,897,517059.0,54117416.0,501,112,528,596,153,0.0
2011.0,1,146,137,62.0,479,195,800,614,113,428521.0,169708112.0,625,139,277,167,6,0.0
2012.0,1,169,56,58.0,383,418,300,683,40,757377.0,303003568.0,700,172,646,690,232,0.0
2013.0,1,161,56,66.0,383,264,511,683,495,601408.0,258366855.0,184,71,456,329,6,3.0
1999.0,3,146,90,74.0,361,165,793,183,538,91557.0,50668906.0,553,112,604,53,6,1.0
1961.0,4,134,178,90.0,422,473,319,661,283,75067.0,8284000.0,585,112,219,441,6,0.0
2006.0,0,110,146,68.0,350,181,369,638,767,354728.0,39868642.0,451,123,345,80,6,1.0
2006.0,0,110,146,68.0,350,181,369,638,767,354728.0,39868642.0,622,32,218,414,32,1.0
2014.0,1,114,91,73.0,343,61,437,547,26,685201.0,91125683.0,211,112,535,63,52,0.0
2004.0,0,115,62,90.0,58,139,695,303,376,657047.0,261441092.0,68,112,630,610,38,0.0
1961.0,4,100,192,88.0,196,163,625,554,627,27007.0,2616000.0,235,106,532,16,6,2.0
1961.0,4,100,192,88.0,196,163,625,554,627,27007.0,2616000.0,559,26,451,306,189,0.0
1961.0,4,100,192,88.0,196,163,625,554,627,27007.0,2616000.0,175,73,498,321,215,0.0
1999.0,1,157,91,84.0,331,531,9,142,195,159886.0,28965197.0,411,112,373,513,95,7.0
2011.0,1,112,83,57.0,366,657,236,621,47,760360.0,13182281.0,700,172,646,690,232,0.0
1933.0,1,71,195,87.0,213,133,268,873,328,30683.0,,394,2,288,567,6,0.0
2019.0,3,209,84,94.0,313,514,9,384,319,324720.0,7000000.0,154,1,337,211,6,0.0
1999.0,1,86,62,85.0,58,183,281,362,888,172083.0,23159305.0,639,125,371,667,6,0.0
1967.0,0,78,69,65.0,531,482,708,508,110,166409.0,141843612.0,555,146,234,615,6,0.0
1967.0,0,78,69,65.0,531,482,708,508,110,166409.0,141843612.0,381,112,631,598,6,1.0
1967.0,0,78,69,65.0,531,482,708,508,110,166409.0,141843612.0,363,110,371,601,6,0.0
1921.0,4,68,101,,74,111,185,333,126,113314.0,5450000.0,51,112,2,600,6,0.0
1921.0,4,68,101,,74,111,185,333,126,113314.0,5450000.0,663,112,522,335,149,0.0
1956.0,4,84,124,91.0,463,572,140,856,382,81702.0,,700,172,646,690,232,
1984.0,1,141,87,76.0,430,542,277,400,461,51585.0,34700291.0,75,87,470,233,31,0.0
1982.0,0,109,95,73.0,313,514,366,191,785,88511.0,2500000.0,471,112,457,182,6,0.0
2010.0,0,118,87,88.0,501,138,255,295,193,639603.0,138797449.0,143,152,224,501,6,0.0
1938.0,4,96,199,98.0,22,405,546,640,612,47400.0,,200,87,235,496,52,0.0
1955.0,4,91,94,91.0,18,12,624,119,330,26464.0,,315,112,428,516,175,0.0
1987.0,0,163,87,76.0,47,323,376,652,769,94326.0,43984230.0,166,12,242,682,113,0.0
2006.0,3,123,87,74.0,278,281,230,270,498,175355.0,17605861.0,490,100,330,220,40,0.0
1971.0,3,118,172,93.0,381,600,354,157,78,42456.0,29133000.0,382,112,34,114,6,0.0
2003.0,1,154,25,55.0,120,602,439,84,907,400049.0,111110575.0,337,148,437,658,100,4.0
2003.0,1,154,25,55.0,120,602,439,84,907,400049.0,111110575.0,583,62,646,458,210,0.0
2003.0,1,154,25,55.0,120,602,439,84,907,400049.0,111110575.0,476,112,547,201,232,0.0
1992.0,1,112,4,76.0,331,146,488,727,250,150409.0,75505856.0,269,112,159,346,48,0.0
2014.0,0,100,62,83.0,82,483,122,869,235,323982.0,257760692.0,494,126,199,664,172,1.0
1994.0,0,88,68,88.0,428,512,523,367,364,942045.0,422783777.0,546,112,646,498,231,0.0
1994.0,0,88,68,88.0,428,512,523,367,364,942045.0,422783777.0,248,112,628,617,165,0.0
1994.0,0,88,68,88.0,428,512,523,367,364,942045.0,422783777.0,700,172,646,483,232,0.0
1994.0,0,88,68,88.0,428,512,523,367,364,942045.0,422783777.0,293,162,547,602,149,1.0
1968.0,1,134,87,,35,479,429,49,420,29003.0,22276975.0,270,106,46,244,44,0.0
1989.0,0,83,81,88.0,432,324,380,747,732,237696.0,111543479.0,339,112,630,613,28,0.0
1989.0,0,83,81,88.0,432,324,380,747,732,237696.0,111543479.0,229,78,87,71,217,0.0
1989.0,0,83,81,88.0,432,324,380,747,732,237696.0,111543479.0,228,14,478,200,4,0.0
1989.0,0,83,81,88.0,432,324,380,747,732,237696.0,111543479.0,134,112,523,608,6,0.0
1989.0,0,83,81,88.0,432,324,380,747,732,237696.0,111543479.0,227,62,646,507,211,0.0
1989.0,0,83,81,88.0,432,324,380,747,732,237696.0,111543479.0,65,112,525,145,6,0.0
2006.0,4,137,170,89.0,136,615,513,763,879,358685.0,11286112.0,182,36,257,673,192,0.0
1973.0,4,112,95,87.0,415,188,587,788,586,26337.0,959000.0,393,112,293,292,149,0.0
1962.0,0,178,26,75.0,272,31,261,77,182,52141.0,39100000.0,108,112,510,156,55,0.0
2001.0,0,178,4,92.0,383,184,300,623,799,1661481.0,315544750.0,257,72,635,363,144,0.0
2003.0,0,201,4,94.0,383,184,796,313,678,1642758.0,377845905.0,257,71,295,364,131,0.0
2002.0,1,179,4,87.0,383,184,300,854,678,1485555.0,342551365.0,257,71,295,364,145,0.0
1945.0,4,101,149,,49,498,337,657,334,33549.0,9460000.0,700,172,646,690,232,
2013.0,0,104,172,76.0,412,267,586,599,540,50523.0,4231500.0,700,172,646,690,232,0.0
2004.0,3,101,179,61.0,57,128,362,6,436,358432.0,1082715.0,569,79,83,197,149,0.0
2002.0,3,114,137,83.0,384,182,178,609,48,25938.0,4890878.0,491,102,206,449,106,2.0
1960.0,4,128,14,74.0,248,648,739,120,231,87719.0,4905000.0,680,112,183,493,149,1.0
1960.0,4,128,14,74.0,248,648,739,120,231,87719.0,4905000.0,14,113,517,325,119,0.0
1941.0,4,100,189,96.0,241,262,514,275,701,148928.0,2108060.0,700,172,646,690,232,
1962.0,4,123,184,94.0,237,282,401,848,527,68827.0,,278,112,322,272,6,1.0
1975.0,1,129,57,91.0,241,552,539,142,777,44917.0,,331,106,74,121,14,4.0
2007.0,4,87,146,,410,156,781,388,237,174125.0,,700,172,646,690,232,
1962.0,2,126,179,94.0,238,214,460,348,41,71122.0,,516,112,170,396,6,1.0
1962.0,2,126,179,94.0,238,214,460,348,41,71122.0,,517,112,325,301,149,2.0
2015.0,1,144,51,80.0,411,424,370,469,481,760094.0,228433663.0,156,159,627,550,112,7.0
1999.0,4,136,34,73.0,284,388,435,479,133,1676426.0,171479930.0,397,113,427,661,6,0.0
1976.0,1,177,87,,344,39,306,560,439,43885.0,,223,65,415,198,0,0.0
1976.0,1,177,87,,344,39,306,560,439,43885.0,,222,65,415,198,1,1.0
1992.0,0,85,101,64.0,62,436,442,176,641,50298.0,27281507.0,85,152,534,606,6,0.0
1979.0,0,95,41,74.0,204,310,231,369,743,32802.0,76657000.0,298,106,52,248,6,2.0
1988.0,0,85,94,76.0,108,384,630,613,736,152871.0,78756177.0,299,112,202,382,6,0.0
1955.0,4,92,124,99.0,75,517,715,494,365,81980.0,654000.0,700,172,646,690,232,
1993.0,0,76,81,82.0,182,150,123,118,910,300208.0,75082668.0,638,112,543,614,6,1.0
2004.0,4,123,172,53.0,354,222,326,665,774,520284.0,81001787.0,642,44,546,263,203,0.0
2004.0,4,123,172,53.0,354,222,326,665,774,520284.0,81001787.0,297,112,185,360,6,0.0
1968.0,0,105,93,86.0,155,272,808,392,329,31572.0,44527234.0,452,112,584,382,6,2.0
2001.0,2,101,194,74.0,13,462,130,234,11,337651.0,96522687.0,20,80,454,152,6,2.0
1976.0,4,135,201,69.0,84,135,729,126,85,65659.0,31800000.0,183,112,447,659,118,1.0
2019.0,2,97,40,70.0,512,442,835,38,175,66346.0,13122642.0,655,112,525,45,6,0.0
2012.0,1,103,172,67.0,464,392,206,227,694,462252.0,17738570.0,602,112,243,480,6,0.0
1940.0,4,112,119,96.0,157,104,429,341,772,63550.0,,700,172,646,690,232,
2002.0,3,150,88,85.0,431,6,763,242,242,729603.0,32572577.0,552,27,312,429,65,0.0
2006.0,0,130,169,66.0,83,128,297,755,620,1190259.0,53089891.0,348,106,208,519,6,2.0
1987.0,0,98,55,77.0,413,103,499,714,155,393899.0,30857814.0,677,112,167,17,6,1.0
1985.0,0,82,111,75.0,532,433,355,169,344,47102.0,10631333.0,691,112,98,267,6,1.0
2006.0,0,117,85,64.0,147,635,761,334,104,448930.0,163566459.0,611,112,138,135,16,1.0
1952.0,4,129,105,,237,326,525,68,898,34677.0,10550000.0,700,172,646,690,232,
1948.0,4,135,165,,332,189,53,530,644,30935.0,10900000.0,700,172,646,690,232,
1993.0,0,134,172,84.0,206,37,205,396,158,66065.0,22954968.0,367,112,210,129,34,8.0
2015.0,4,156,4,76.0,14,382,774,870,205,705589.0,183637894.0,419,138,619,367,123,0.0
1983.0,1,193,38,91.0,386,541,703,203,192,56235.0,21500000.0,496,112,220,489,139,0.0
2001.0,4,110,100,76.0,524,223,275,36,80,266842.0,52364010.0,669,112,8,512,79,1.0
1993.0,0,101,101,55.0,105,603,554,59,688,78963.0,32416586.0,138,112,6,538,6,0.0
1956.0,4,119,54,94.0,237,326,356,848,898,80316.0,,120,81,564,463,224,0.0
2009.0,4,71,69,81.0,505,463,218,98,633,31779.0,686383.0,647,50,147,286,204,1.0
1980.0,4,146,158,66.0,463,273,714,171,797,898237.0,44017374.0,607,106,599,635,6,0.0
1940.0,4,99,105,96.0,126,406,329,244,446,28450.0,203300.0,700,172,646,690,232,
1991.0,4,118,132,85.0,253,312,51,480,479,1270197.0,130742922.0,633,112,101,474,106,0.0
1999.0,4,107,170,64.0,298,93,278,833,677,911573.0,293506292.0,407,112,566,251,110,6.0
2010.0,1,120,85,95.0,100,306,36,434,755,624982.0,96962694.0,5,112,617,137,28,0.0
1965.0,0,172,86,63.0,425,338,132,210,742,205425.0,163214286.0,197,112,236,440,52,0.0
2003.0,3,89,100,81.0,502,477,607,89,691,67370.0,5739376.0,644,112,435,456,149,0.0
1973.0,0,129,95,83.0,161,473,660,708,141,241513.0,159600000.0,141,112,614,685,6,0.0
1999.0,0,112,85,86.0,103,505,724,345,443,82002.0,6203044.0,342,95,281,51,6,1.0
1974.0,0,104,24,68.0,259,631,663,534,322,26729.0,,328,112,271,377,149,2.0
1956.0,0,220,46,,72,115,830,42,224,63560.0,93740000.0,160,116,646,426,6,0.0
1984.0,1,107,34,84.0,202,45,478,563,695,799795.0,38400000.0,265,106,41,103,149,0.0
2014.0,0,123,89,72.0,209,175,225,830,823,404182.0,35893537.0,39,103,135,679,50,0.0
1934.0,1,91,96,86.0,520,639,569,550,656,26642.0,,700,172,646,690,232,
1998.0,4,170,182,78.0,485,309,707,606,509,172710.0,36400491.0,275,112,282,213,171,7.0
1998.0,4,170,182,78.0,485,309,707,606,509,172710.0,36400491.0,274,112,377,9,94,0.0
1982.0,4,109,193,57.0,236,366,812,453,744,371271.0,13782838.0,60,116,343,590,120,0.0
1982.0,4,109,193,57.0,236,366,812,453,744,371271.0,13782838.0,167,10,137,347,121,0.0
1949.0,4,104,190,97.0,70,468,408,17,874,158731.0,449191.0,700,172,646,690,232,
1948.0,4,126,54,98.0,241,262,807,822,107,114304.0,5014000.0,700,172,646,690,232,
2020.0,3,129,156,77.0,1,175,21,734,399,89896.0,,4,160,158,168,107,6.0
1998.0,0,103,100,90.0,385,308,183,477,671,939631.0,125618201.0,33,112,529,395,6,3.0
1987.0,4,119,132,79.0,60,355,705,701,144,281842.0,76270454.0,136,112,499,382,6,0.0
1995.0,4,106,135,77.0,64,358,241,123,827,991208.0,23341568.0,100,130,346,421,76,0.0
1982.0,0,129,137,77.0,456,473,113,332,367,36096.0,54000000.0,54,112,259,526,6,5.0
2007.0,2,104,137,79.0,502,507,276,163,331,41544.0,9422422.0,405,58,73,76,6,0.0
2007.0,2,104,137,79.0,502,507,276,163,331,41544.0,9422422.0,644,112,215,240,30,1.0
1979.0,1,92,24,65.0,521,435,328,202,105,93878.0,22490039.0,591,112,44,382,6,0.0
1969.0,4,145,14,97.0,439,637,211,707,220,77401.0,12064472.0,667,112,351,668,154,2.0
1939.0,0,102,55,92.0,514,230,534,612,745,371379.0,2076020.0,696,142,646,509,94,0.0
2013.0,4,180,84,75.0,313,382,406,524,606,1187498.0,116900694.0,630,112,477,434,28,5.0
2005.0,0,127,90,68.0,429,37,166,312,851,51980.0,5128124.0,547,70,106,371,6,0.0
2008.0,1,109,178,80.0,97,445,506,225,584,289415.0,26236603.0,539,127,466,674,6,2.0
2007.0,4,158,137,93.0,376,146,615,145,595,517359.0,40222514.0,481,112,366,408,9,0.0
2006.0,4,101,122,86.0,451,597,736,376,39,115576.0,327919.0,578,87,588,671,6,0.0
1984.0,3,82,113,92.0,413,513,544,140,507,128812.0,188751.0,97,112,539,468,94,0.0
2017.0,1,130,2,74.0,476,122,775,115,585,587775.0,315058289.0,169,112,418,310,6,0.0
2017.0,4,115,95,88.0,311,212,822,743,123,432610.0,54513740.0,420,106,103,65,6,0.0
1997.0,1,194,172,75.0,202,382,428,87,485,1046089.0,659325379.0,263,144,600,546,168,0.0
1942.0,4,99,120,86.0,126,102,314,709,258,29915.0,,636,112,394,75,127,1.0
1944.0,1,100,43,,187,262,458,863,204,31053.0,,700,172,646,690,232,
1962.0,0,129,122,88.0,420,240,396,245,760,293811.0,,230,112,408,375,6,0.0
1999.0,3,101,137,87.0,378,108,505,108,53,89058.0,8264530.0,700,172,646,690,232,
2019.0,0,113,38,69.0,125,636,416,141,738,37556.0,,700,172,646,690,232,
2006.0,0,98,67,,301,509,750,582,67,60368.0,,700,172,646,690,232,
1993.0,3,130,16,50.0,160,356,452,843,781,126871.0,56505065.0,371,112,447,250,110,0.0
1988.0,0,86,81,86.0,179,257,592,127,808,291180.0,1105564.0,700,172,646,690,232,
1958.0,2,95,124,99.0,368,115,599,348,444,98431.0,2237659.0,700,172,646,690,232,
1995.0,0,81,67,95.0,243,604,765,199,407,887429.0,191796233.0,334,112,471,610,6,3.0
1999.0,0,92,67,88.0,243,48,467,828,860,527512.0,245852179.0,335,112,630,610,6,1.0
2010.0,0,103,67,92.0,288,604,765,378,661,757032.0,415004880.0,333,112,471,610,149,0.0
2019.0,0,100,67,84.0,261,604,765,45,871,203177.0,434038008.0,332,112,471,610,6,0.0
2001.0,4,122,132,69.0,37,165,214,757,865,390247.0,76631907.0,127,112,1,663,141,0.0
1996.0,4,93,137,83.0,95,202,220,410,501,634716.0,16501785.0,250,106,176,339,6,1.0
1994.0,0,92,105,88.0,283,654,418,349,401,64390.0,1464625.0,700,172,646,690,232,
1993.0,0,94,164,85.0,283,339,836,425,83,89836.0,1324974.0,700,172,646,690,232,
1994.0,0,99,168,100.0,283,268,352,252,387,90729.0,4043686.0,700,172,646,690,232,
2007.0,3,115,22,33.0,263,629,38,107,637,98097.0,8060.0,700,172,646,690,232,
2010.0,4,115,22,71.0,263,629,304,31,637,79200.0,100119.0,700,172,646,690,232,
2010.0,2,110,184,80.0,127,315,354,546,307,311822.0,171243005.0,312,112,256,398,6,10.0
2010.0,2,110,184,80.0,127,315,354,546,307,311822.0,171243005.0,87,112,122,597,6,0.0
1993.0,3,119,130,59.0,508,130,606,189,880,206918.0,12281500.0,502,127,509,345,79,0.0
2018.0,4,104,144,,392,26,0,781,466,27793.0,,700,172,646,690,232,
1995.0,4,129,198,74.0,487,93,488,93,445,578443.0,57141459.0,700,172,646,690,232,
2003.0,1,90,67,73.0,443,561,788,882,66,31658.0,128985.0,700,172,646,690,232,
1953.0,0,136,137,,536,117,116,796,802,53153.0,,700,172,646,690,232,
2010.0,1,134,137,,516,493,672,518,723,42341.0,7461.0,662,45,321,556,198,0.0
2016.0,4,148,22,,3,558,26,440,201,27175.0,,700,172,646,690,232,
2004.0,0,133,168,76.0,219,51,247,381,208,70925.0,6167817.0,700,172,646,690,232,
2009.0,4,155,122,90.0,198,583,584,3,729,93560.0,2084637.0,700,172,646,690,232,
2015.0,3,100,157,75.0,314,522,480,385,635,35539.0,435266.0,700,172,646,690,232,
1995.0,4,170,107,,123,488,462,580,816,55220.0,171082.0,479,87,367,141,6,0.0
1995.0,4,170,107,,123,488,462,580,816,55220.0,171082.0,158,19,473,102,222,0.0
1992.0,4,130,184,85.0,84,135,252,590,741,375935.0,101157447.0,145,112,118,647,6,0.0
2009.0,0,96,67,88.0,380,76,186,411,432,935507.0,293004164.0,482,112,471,610,6,0.0
2018.0,1,138,31,,8,621,605,584,916,43444.0,4186168.0,11,45,347,79,198,0.0
2005.0,4,132,28,62.0,210,261,576,725,828,1032749.0,70511035.0,398,157,54,630,46,0.0
2000.0,0,103,65,62.0,540,32,397,629,900,29210.0,151086.0,237,64,567,302,211,0.0
2004.0,0,192,140,67.0,535,556,628,675,510,49050.0,2921738.0,9,45,60,683,198,0.0
1958.0,4,128,197,100.0,22,282,448,65,867,364368.0,3200000.0,700,172,646,690,232,
2012.0,1,126,119,,454,52,823,47,203,39710.0,169209.0,361,45,192,186,198,0.0
2015.0,4,138,130,77.0,447,371,239,247,116,52903.0,,700,172,646,690,232,
2017.0,1,147,22,,154,490,490,855,812,28401.0,,56,45,646,681,198,0.0
1972.0,4,91,137,,190,248,479,441,343,30206.0,1742348.0,700,172,646,690,232,
1962.0,4,80,137,,217,34,686,32,305,28057.0,,700,172,646,690,232,
2001.0,4,110,100,,538,658,826,186,28,33592.0,,695,86,260,55,229,0.0
2003.0,4,110,137,82.0,31,628,310,467,658,42399.0,502028.0,700,172,646,690,232,
2008.0,0,98,69,95.0,30,58,197,360,270,999790.0,223808164.0,35,142,628,612,6,0.0
1967.0,4,108,200,81.0,484,50,10,687,226,27733.0,17550741.0,193,112,30,621,6,1.0
2001.0,3,99,78,83.0,408,201,784,506,905,60684.0,2892011.0,520,112,515,222,6,0.0
2005.0,2,136,88,72.0,208,311,646,271,750,234207.0,119519402.0,344,38,404,217,134,0.0
2011.0,1,140,29,71.0,153,605,580,386,395,435950.0,13657115.0,700,172,646,690,232,0.0
2009.0,4,162,27,56.0,543,274,613,109,568,500799.0,107509799.0,126,112,495,651,6,0.0
1978.0,0,91,68,64.0,312,321,393,686,722,33656.0,,515,87,646,357,6,0.0
1962.0,4,134,161,75.0,414,64,377,851,903,50058.0,4050000.0,234,112,11,485,6,0.0
2014.0,3,86,112,76.0,223,584,357,800,167,157498.0,3333000.0,296,71,635,558,66,0.0
1993.0,0,118,137,73.0,286,327,474,428,597,215034.0,9170214.0,487,112,193,382,6,1.0
1989.0,1,95,105,76.0,413,71,529,110,112,195663.0,92823600.0,461,112,332,92,6,1.0
1968.0,0,158,13,63.0,61,502,138,541,689,51913.0,,27,152,126,230,52,0.0
2014.0,4,106,162,88.0,90,448,312,557,693,717585.0,13092000.0,113,112,520,68,6,0.0
1949.0,4,114,22,,398,278,802,206,574,29807.0,,700,172,646,690,232,
1988.0,0,104,67,83.0,426,75,131,379,142,182009.0,156452370.0,295,112,21,511,6,0.0
1966.0,4,131,137,75.0,341,185,654,265,787,68926.0,,172,112,136,628,110,0.0
1971.0,0,100,185,67.0,326,226,313,653,764,178731.0,4000000.0,526,106,444,678,37,1.0
2017.0,3,107,129,73.0,481,351,365,421,847,205444.0,33800859.0,627,96,357,15,6,0.0
1987.0,3,107,100,84.0,63,504,617,690,720,40396.0,1544889.0,700,172,646,690,232,
1957.0,0,116,129,,49,614,509,121,239,108862.0,8175000.0,700,172,646,690,232,
2000.0,1,120,6,94.0,33,649,552,888,150,253228.0,128078872.0,700,172,646,690,232,
2017.0,0,113,138,66.0,464,275,602,324,457,141923.0,132422809.0,604,137,292,295,6,1.0
2012.0,0,101,67,72.0,401,317,317,346,792,380195.0,189422889.0,700,172,646,690,232,0.0
2014.0,1,132,11,75.0,64,472,300,307,368,659763.0,233921534.0,588,107,624,544,176,1.0
2011.0,1,131,11,65.0,320,281,541,365,499,645512.0,146408305.0,700,172,646,690,232,
2001.0,4,106,137,88.0,20,409,242,165,34,115827.0,13622333.0,81,66,579,37,223,1.0
2001.0,4,137,105,,200,582,420,317,820,45403.0,,700,172,646,690,232,
2002.0,2,120,7,85.0,539,307,779,514,933,173999.0,53710019.0,700,172,646,690,232,
2008.0,3,106,16,59.0,527,172,723,779,467,211427.0,,700,172,646,690,232,
1974.0,4,106,93,80.0,324,226,489,536,698,143359.0,86300000.0,196,112,393,241,52,2.0
1961.0,4,110,30,,9,611,191,809,925,111244.0,,700,172,646,690,232,
1983.0,1,79,93,,532,643,537,633,416,39881.0,11798616.0,691,112,430,267,52,2.0
1975.0,0,107,85,,25,407,228,314,675,40081.0,177345.0,700,172,646,690,232,
2011.0,0,155,100,,545,258,222,2,487,67927.0,3108485.0,700,172,646,690,232,0.0
2007.0,1,157,129,78.0,100,276,657,531,51,466080.0,33080084.0,277,112,620,405,6,0.0
2009.0,4,88,42,73.0,435,306,204,877,2,520041.0,75590286.0,512,112,28,136,152,0.0
2016.0,0,108,67,78.0,66,501,340,271,375,434143.0,341268248.0,76,112,629,616,6,0.0
1964.0,0,138,157,77.0,88,570,315,841,360,35999.0,,340,87,204,161,181,1.0
2006.0,3,145,180,71.0,377,100,709,817,308,72643.0,4398392.0,700,172,646,690,232,
1960.0,0,90,122,,217,301,349,164,325,73251.0,336705.0,700,172,646,690,232,
2012.0,0,117,78,71.0,301,42,747,293,922,38803.0,,700,172,646,690,232,
